,img_height,img_width,face_num,x1,x2,y1,y2,area,pct_of_frame,frame_num,video_src
0,544,1280,0,844,942,109,208,9702,0.0139,1050,/home/amos/server/media/movies/Pulp Fiction (1994)/Pulp Fiction (1994).mp4
1,544,1280,0,834,932,119,217,9604,0.0138,1260,/home/amos/server/media/movies/Pulp Fiction (1994)/Pulp Fiction (1994).mp4
2,544,1280,0,197,295,50,148,9604,0.0138,1470,/home/amos/server/media/movies/Pulp Fiction (1994)/Pulp Fiction (1994).mp4
3,544,1280,0,237,335,89,188,9702,0.0139,1890,/home/amos/server/media/movies/Pulp Fiction (1994)/Pulp Fiction (1994).mp4
4,544,1280,0,622,826,117,321,41616,0.0598,2100,/home/amos/server/media/movies/Pulp Fiction (1994)/Pulp Fiction (1994).mp4
5,544,1280,0,578,748,125,295,28900,0.0415,2310,/home/amos/server/media/movies/Pulp Fiction (1994)/Pulp Fiction (1994).mp4
6,544,1280,0,924,1042,103,221,13924,0.02,2520,/home/amos/server/media/movies/Pulp Fiction (1994)/Pulp Fiction (1994).mp4
7,544,1280,0,876,994,103,221,13924,0.02,2730,/home/amos/server/media/movies/Pulp Fiction (1994)/Pulp Fiction (1994).mp4
8,544,1280,0,416,620,138,342,41616,0.0598,2940,/home/amos/server/media/movies/Pulp Fiction (1994)/Pulp Fiction (1994).mp4
9,544,1280,0,882,964,141,222,6642,0.0095,3150,/home/amos/server/media/movies/Pulp Fiction (1994)/Pulp Fiction (1994).mp4
10,544,1280,0,552,693,81,222,19881,0.0286,3570,/home/amos/server/media/movies/Pulp Fiction (1994)/Pulp Fiction (1994).mp4
11,544,1280,0,291,409,79,197,13924,0.02,4200,/home/amos/server/media/movies/Pulp Fiction (1994)/Pulp Fiction (1994).mp4
12,544,1280,0,519,723,138,342,41616,0.0598,4410,/home/amos/server/media/movies/Pulp Fiction (1994)/Pulp Fiction (1994).mp4
13,544,1280,0,519,723,117,321,41616,0.0598,4620,/home/amos/server/media/movies/Pulp Fiction (1994)/Pulp Fiction (1994).mp4
14,544,1280,0,540,744,97,300,41412,0.0595,4830,/home/amos/server/media/movies/Pulp Fiction (1994)/Pulp Fiction (1994).mp4
15,544,1280,0,498,702,55,259,41616,0.0598,5040,/home/amos/server/media/movies/Pulp Fiction (1994)/Pulp Fiction (1994).mp4
16,544,1280,0,515,760,67,311,59780,0.0859,5250,/home/amos/server/media/movies/Pulp Fiction (1994)/Pulp Fiction (1994).mp4
17,544,1280,0,540,784,67,311,59536,0.0855,5460,/home/amos/server/media/movies/Pulp Fiction (1994)/Pulp Fiction (1994).mp4
18,544,1280,0,441,685,166,410,59536,0.0855,5670,/home/amos/server/media/movies/Pulp Fiction (1994)/Pulp Fiction (1994).mp4
19,544,1280,0,441,685,116,361,59780,0.0859,5880,/home/amos/server/media/movies/Pulp Fiction (1994)/Pulp Fiction (1994).mp4
20,544,1280,0,441,685,116,361,59780,0.0859,6090,/home/amos/server/media/movies/Pulp Fiction (1994)/Pulp Fiction (1994).mp4
21,544,1280,0,602,806,117,321,41616,0.0598,6300,/home/amos/server/media/movies/Pulp Fiction (1994)/Pulp Fiction (1994).mp4
22,544,1280,0,887,955,102,170,4624,0.0066,6720,/home/amos/server/media/movies/Pulp Fiction (1994)/Pulp Fiction (1994).mp4
23,544,1280,0,470,588,55,173,13924,0.02,6930,/home/amos/server/media/movies/Pulp Fiction (1994)/Pulp Fiction (1994).mp4
24,544,1280,1,991,1059,137,205,4624,0.0066,6930,/home/amos/server/media/movies/Pulp Fiction (1994)/Pulp Fiction (1994).mp4
25,544,1280,0,465,710,116,361,60025,0.0862,10290,/home/amos/server/media/movies/Pulp Fiction (1994)/Pulp Fiction (1994).mp4
26,544,1280,1,709,851,138,280,20164,0.029,10290,/home/amos/server/media/movies/Pulp Fiction (1994)/Pulp Fiction (1994).mp4
27,544,1280,0,441,685,91,336,59780,0.0859,10710,/home/amos/server/media/movies/Pulp Fiction (1994)/Pulp Fiction (1994).mp4
28,544,1280,0,768,886,163,281,13924,0.02,10920,/home/amos/server/media/movies/Pulp Fiction (1994)/Pulp Fiction (1994).mp4
29,544,1280,0,416,661,91,336,60025,0.0862,11130,/home/amos/server/media/movies/Pulp Fiction (1994)/Pulp Fiction (1994).mp4
30,544,1280,0,392,685,62,355,85849,0.1233,11340,/home/amos/server/media/movies/Pulp Fiction (1994)/Pulp Fiction (1994).mp4
31,544,1280,1,768,886,163,281,13924,0.02,11340,/home/amos/server/media/movies/Pulp Fiction (1994)/Pulp Fiction (1994).mp4
32,544,1280,0,512,934,4,426,178084,0.2558,11760,/home/amos/server/media/movies/Pulp Fiction (1994)/Pulp Fiction (1994).mp4
33,544,1280,0,554,977,4,426,178506,0.2564,11970,/home/amos/server/media/movies/Pulp Fiction (1994)/Pulp Fiction (1994).mp4
34,544,1280,0,366,611,116,361,60025,0.0862,12180,/home/amos/server/media/movies/Pulp Fiction (1994)/Pulp Fiction (1994).mp4
35,544,1280,0,362,656,91,385,86436,0.1241,12390,/home/amos/server/media/movies/Pulp Fiction (1994)/Pulp Fiction (1994).mp4
36,544,1280,1,744,862,163,281,13924,0.02,12390,/home/amos/server/media/movies/Pulp Fiction (1994)/Pulp Fiction (1994).mp4
37,544,1280,0,362,656,91,385,86436,0.1241,12600,/home/amos/server/media/movies/Pulp Fiction (1994)/Pulp Fiction (1994).mp4
38,544,1280,0,470,588,199,317,13924,0.02,13020,/home/amos/server/media/movies/Pulp Fiction (1994)/Pulp Fiction (1994).mp4
39,544,1280,0,555,624,116,184,4692,0.0067,13230,/home/amos/server/media/movies/Pulp Fiction (1994)/Pulp Fiction (1994).mp4
40,544,1280,0,486,584,119,217,9604,0.0138,13440,/home/amos/server/media/movies/Pulp Fiction (1994)/Pulp Fiction (1994).mp4
41,544,1280,1,625,723,139,237,9604,0.0138,13440,/home/amos/server/media/movies/Pulp Fiction (1994)/Pulp Fiction (1994).mp4
42,544,1280,0,475,645,22,192,28900,0.0415,13650,/home/amos/server/media/movies/Pulp Fiction (1994)/Pulp Fiction (1994).mp4
43,544,1280,0,912,1030,91,209,13924,0.02,13860,/home/amos/server/media/movies/Pulp Fiction (1994)/Pulp Fiction (1994).mp4
44,544,1280,0,900,1018,103,221,13924,0.02,14070,/home/amos/server/media/movies/Pulp Fiction (1994)/Pulp Fiction (1994).mp4
45,544,1280,1,537,679,124,265,20022,0.0288,14070,/home/amos/server/media/movies/Pulp Fiction (1994)/Pulp Fiction (1994).mp4
46,544,1280,0,940,1110,194,364,28900,0.0415,14910,/home/amos/server/media/movies/Pulp Fiction (1994)/Pulp Fiction (1994).mp4
47,544,1280,1,251,455,76,280,41616,0.0598,14910,/home/amos/server/media/movies/Pulp Fiction (1994)/Pulp Fiction (1994).mp4
48,544,1280,0,819,989,177,347,28900,0.0415,15120,/home/amos/server/media/movies/Pulp Fiction (1994)/Pulp Fiction (1994).mp4
49,544,1280,1,251,455,55,259,41616,0.0598,15120,/home/amos/server/media/movies/Pulp Fiction (1994)/Pulp Fiction (1994).mp4
50,544,1280,0,802,972,177,347,28900,0.0415,15330,/home/amos/server/media/movies/Pulp Fiction (1994)/Pulp Fiction (1994).mp4
51,544,1280,1,286,456,74,244,28900,0.0415,15330,/home/amos/server/media/movies/Pulp Fiction (1994)/Pulp Fiction (1994).mp4
52,544,1280,0,802,972,177,347,28900,0.0415,15540,/home/amos/server/media/movies/Pulp Fiction (1994)/Pulp Fiction (1994).mp4
53,544,1280,1,251,455,55,259,41616,0.0598,15540,/home/amos/server/media/movies/Pulp Fiction (1994)/Pulp Fiction (1994).mp4
54,544,1280,0,836,1006,194,364,28900,0.0415,15750,/home/amos/server/media/movies/Pulp Fiction (1994)/Pulp Fiction (1994).mp4
55,544,1280,1,286,456,74,244,28900,0.0415,15750,/home/amos/server/media/movies/Pulp Fiction (1994)/Pulp Fiction (1994).mp4
56,544,1280,0,725,764,133,173,1560,0.0022,15960,/home/amos/server/media/movies/Pulp Fiction (1994)/Pulp Fiction (1994).mp4
57,544,1280,1,589,646,89,145,3192,0.0046,15960,/home/amos/server/media/movies/Pulp Fiction (1994)/Pulp Fiction (1994).mp4
58,544,1280,0,655,753,179,277,9604,0.0138,16170,/home/amos/server/media/movies/Pulp Fiction (1994)/Pulp Fiction (1994).mp4
59,544,1280,0,721,839,175,293,13924,0.02,16380,/home/amos/server/media/movies/Pulp Fiction (1994)/Pulp Fiction (1994).mp4
60,544,1280,0,376,475,109,208,9801,0.0141,16590,/home/amos/server/media/movies/Pulp Fiction (1994)/Pulp Fiction (1994).mp4
61,544,1280,1,675,757,149,231,6724,0.0097,16590,/home/amos/server/media/movies/Pulp Fiction (1994)/Pulp Fiction (1994).mp4
62,544,1280,0,317,415,89,188,9702,0.0139,16800,/home/amos/server/media/movies/Pulp Fiction (1994)/Pulp Fiction (1994).mp4
63,544,1280,1,585,684,129,227,9702,0.0139,16800,/home/amos/server/media/movies/Pulp Fiction (1994)/Pulp Fiction (1994).mp4
64,544,1280,0,758,840,116,198,6724,0.0097,17010,/home/amos/server/media/movies/Pulp Fiction (1994)/Pulp Fiction (1994).mp4
65,544,1280,1,479,548,102,170,4692,0.0067,17010,/home/amos/server/media/movies/Pulp Fiction (1994)/Pulp Fiction (1994).mp4
66,544,1280,0,695,793,99,198,9702,0.0139,17220,/home/amos/server/media/movies/Pulp Fiction (1994)/Pulp Fiction (1994).mp4
67,544,1280,1,472,541,95,164,4761,0.0068,17220,/home/amos/server/media/movies/Pulp Fiction (1994)/Pulp Fiction (1994).mp4
68,544,1280,0,715,813,99,198,9702,0.0139,17430,/home/amos/server/media/movies/Pulp Fiction (1994)/Pulp Fiction (1994).mp4
69,544,1280,1,476,558,91,173,6724,0.0097,17430,/home/amos/server/media/movies/Pulp Fiction (1994)/Pulp Fiction (1994).mp4
70,544,1280,0,700,782,182,264,6724,0.0097,17640,/home/amos/server/media/movies/Pulp Fiction (1994)/Pulp Fiction (1994).mp4
71,544,1280,0,575,674,179,277,9702,0.0139,17850,/home/amos/server/media/movies/Pulp Fiction (1994)/Pulp Fiction (1994).mp4
72,544,1280,1,394,535,124,265,19881,0.0286,17850,/home/amos/server/media/movies/Pulp Fiction (1994)/Pulp Fiction (1994).mp4
73,544,1280,0,218,462,116,361,59780,0.0859,20790,/home/amos/server/media/movies/Pulp Fiction (1994)/Pulp Fiction (1994).mp4
74,544,1280,1,829,1033,117,321,41616,0.0598,20790,/home/amos/server/media/movies/Pulp Fiction (1994)/Pulp Fiction (1994).mp4
75,544,1280,0,1193,1232,97,137,1560,0.0022,21000,/home/amos/server/media/movies/Pulp Fiction (1994)/Pulp Fiction (1994).mp4
76,544,1280,1,769,808,57,97,1560,0.0022,21000,/home/amos/server/media/movies/Pulp Fiction (1994)/Pulp Fiction (1994).mp4
77,544,1280,0,613,783,91,261,28900,0.0415,21210,/home/amos/server/media/movies/Pulp Fiction (1994)/Pulp Fiction (1994).mp4
78,544,1280,0,577,695,91,209,13924,0.02,21420,/home/amos/server/media/movies/Pulp Fiction (1994)/Pulp Fiction (1994).mp4
79,544,1280,0,589,707,91,209,13924,0.02,21630,/home/amos/server/media/movies/Pulp Fiction (1994)/Pulp Fiction (1994).mp4
80,544,1280,0,643,847,200,404,41616,0.0598,21840,/home/amos/server/media/movies/Pulp Fiction (1994)/Pulp Fiction (1994).mp4
81,544,1280,1,356,455,30,128,9702,0.0139,21840,/home/amos/server/media/movies/Pulp Fiction (1994)/Pulp Fiction (1994).mp4
82,544,1280,0,318,400,33,115,6724,0.0097,22050,/home/amos/server/media/movies/Pulp Fiction (1994)/Pulp Fiction (1994).mp4
83,544,1280,1,683,730,283,330,2209,0.0032,22050,/home/amos/server/media/movies/Pulp Fiction (1994)/Pulp Fiction (1994).mp4
84,544,1280,0,702,749,292,340,2256,0.0032,22260,/home/amos/server/media/movies/Pulp Fiction (1994)/Pulp Fiction (1994).mp4
85,544,1280,1,346,445,40,138,9702,0.0139,22260,/home/amos/server/media/movies/Pulp Fiction (1994)/Pulp Fiction (1994).mp4
86,544,1280,0,298,720,4,426,178084,0.2558,22470,/home/amos/server/media/movies/Pulp Fiction (1994)/Pulp Fiction (1994).mp4
87,544,1280,0,566,707,81,222,19881,0.0286,22680,/home/amos/server/media/movies/Pulp Fiction (1994)/Pulp Fiction (1994).mp4
88,544,1280,0,340,763,47,469,178506,0.2564,23100,/home/amos/server/media/movies/Pulp Fiction (1994)/Pulp Fiction (1994).mp4
89,544,1280,0,613,731,127,245,13924,0.02,23310,/home/amos/server/media/movies/Pulp Fiction (1994)/Pulp Fiction (1994).mp4
90,544,1280,0,441,611,74,244,28900,0.0415,23520,/home/amos/server/media/movies/Pulp Fiction (1994)/Pulp Fiction (1994).mp4
91,544,1280,0,327,409,33,115,6724,0.0097,23730,/home/amos/server/media/movies/Pulp Fiction (1994)/Pulp Fiction (1994).mp4
92,544,1280,1,707,754,297,345,2256,0.0032,23730,/home/amos/server/media/movies/Pulp Fiction (1994)/Pulp Fiction (1994).mp4
93,544,1280,2,854,1024,211,381,28900,0.0415,23730,/home/amos/server/media/movies/Pulp Fiction (1994)/Pulp Fiction (1994).mp4
94,544,1280,0,589,707,103,221,13924,0.02,23940,/home/amos/server/media/movies/Pulp Fiction (1994)/Pulp Fiction (1994).mp4
95,544,1280,0,702,749,302,349,2209,0.0032,24150,/home/amos/server/media/movies/Pulp Fiction (1994)/Pulp Fiction (1994).mp4
96,544,1280,1,307,405,40,138,9604,0.0138,24150,/home/amos/server/media/movies/Pulp Fiction (1994)/Pulp Fiction (1994).mp4
97,544,1280,0,518,636,55,173,13924,0.02,24360,/home/amos/server/media/movies/Pulp Fiction (1994)/Pulp Fiction (1994).mp4
98,544,1280,0,601,719,139,257,13924,0.02,24780,/home/amos/server/media/movies/Pulp Fiction (1994)/Pulp Fiction (1994).mp4
99,544,1280,1,788,836,5,52,2256,0.0032,24780,/home/amos/server/media/movies/Pulp Fiction (1994)/Pulp Fiction (1994).mp4
100,544,1280,0,1213,1252,89,129,1560,0.0022,24990,/home/amos/server/media/movies/Pulp Fiction (1994)/Pulp Fiction (1994).mp4
101,544,1280,0,602,806,55,259,41616,0.0598,25200,/home/amos/server/media/movies/Pulp Fiction (1994)/Pulp Fiction (1994).mp4
102,544,1280,0,623,765,210,351,20022,0.0288,25410,/home/amos/server/media/movies/Pulp Fiction (1994)/Pulp Fiction (1994).mp4
103,544,1280,0,426,778,48,400,123904,0.1779,25620,/home/amos/server/media/movies/Pulp Fiction (1994)/Pulp Fiction (1994).mp4
104,544,1280,0,519,723,138,342,41616,0.0598,26040,/home/amos/server/media/movies/Pulp Fiction (1994)/Pulp Fiction (1994).mp4
105,544,1280,0,854,952,59,158,9702,0.0139,26250,/home/amos/server/media/movies/Pulp Fiction (1994)/Pulp Fiction (1994).mp4
106,544,1280,0,956,1004,245,292,2256,0.0032,26460,/home/amos/server/media/movies/Pulp Fiction (1994)/Pulp Fiction (1994).mp4
107,544,1280,1,1193,1232,93,133,1560,0.0022,26460,/home/amos/server/media/movies/Pulp Fiction (1994)/Pulp Fiction (1994).mp4
108,544,1280,0,1009,1056,249,297,2256,0.0032,26670,/home/amos/server/media/movies/Pulp Fiction (1994)/Pulp Fiction (1994).mp4
109,544,1280,1,1193,1232,101,141,1560,0.0022,26670,/home/amos/server/media/movies/Pulp Fiction (1994)/Pulp Fiction (1994).mp4
110,544,1280,0,985,1032,254,301,2209,0.0032,26880,/home/amos/server/media/movies/Pulp Fiction (1994)/Pulp Fiction (1994).mp4
111,544,1280,1,1189,1228,105,145,1560,0.0022,26880,/home/amos/server/media/movies/Pulp Fiction (1994)/Pulp Fiction (1994).mp4
112,544,1280,0,705,909,97,300,41412,0.0595,27090,/home/amos/server/media/movies/Pulp Fiction (1994)/Pulp Fiction (1994).mp4
113,544,1280,0,554,977,47,469,178506,0.2564,27300,/home/amos/server/media/movies/Pulp Fiction (1994)/Pulp Fiction (1994).mp4
114,544,1280,0,357,865,0,493,250444,0.3597,27510,/home/amos/server/media/movies/Pulp Fiction (1994)/Pulp Fiction (1994).mp4
115,544,1280,0,476,574,59,158,9702,0.0139,27720,/home/amos/server/media/movies/Pulp Fiction (1994)/Pulp Fiction (1994).mp4
116,544,1280,0,838,980,224,366,20164,0.029,27930,/home/amos/server/media/movies/Pulp Fiction (1994)/Pulp Fiction (1994).mp4
117,544,1280,0,126,549,4,426,178506,0.2564,28350,/home/amos/server/media/movies/Pulp Fiction (1994)/Pulp Fiction (1994).mp4
118,544,1280,0,362,480,163,281,13924,0.02,28560,/home/amos/server/media/movies/Pulp Fiction (1994)/Pulp Fiction (1994).mp4
119,544,1280,0,446,544,199,297,9604,0.0138,29400,/home/amos/server/media/movies/Pulp Fiction (1994)/Pulp Fiction (1994).mp4
120,544,1280,0,376,444,109,177,4624,0.0066,29610,/home/amos/server/media/movies/Pulp Fiction (1994)/Pulp Fiction (1994).mp4
121,544,1280,1,548,596,326,373,2256,0.0032,29610,/home/amos/server/media/movies/Pulp Fiction (1994)/Pulp Fiction (1994).mp4
122,544,1280,0,569,921,83,435,123904,0.1779,29820,/home/amos/server/media/movies/Pulp Fiction (1994)/Pulp Fiction (1994).mp4
123,544,1280,0,541,580,321,361,1560,0.0022,30030,/home/amos/server/media/movies/Pulp Fiction (1994)/Pulp Fiction (1994).mp4
124,544,1280,1,175,243,199,267,4624,0.0066,30030,/home/amos/server/media/movies/Pulp Fiction (1994)/Pulp Fiction (1994).mp4
125,544,1280,0,441,611,57,226,28730,0.0413,30660,/home/amos/server/media/movies/Pulp Fiction (1994)/Pulp Fiction (1994).mp4
126,544,1280,0,441,611,57,226,28730,0.0413,30870,/home/amos/server/media/movies/Pulp Fiction (1994)/Pulp Fiction (1994).mp4
127,544,1280,0,441,611,57,226,28730,0.0413,31080,/home/amos/server/media/movies/Pulp Fiction (1994)/Pulp Fiction (1994).mp4
128,544,1280,0,441,611,57,226,28730,0.0413,31290,/home/amos/server/media/movies/Pulp Fiction (1994)/Pulp Fiction (1994).mp4
129,544,1280,0,441,611,74,244,28900,0.0415,31500,/home/amos/server/media/movies/Pulp Fiction (1994)/Pulp Fiction (1994).mp4
130,544,1280,0,441,611,74,244,28900,0.0415,31710,/home/amos/server/media/movies/Pulp Fiction (1994)/Pulp Fiction (1994).mp4
131,544,1280,0,424,594,74,244,28900,0.0415,31920,/home/amos/server/media/movies/Pulp Fiction (1994)/Pulp Fiction (1994).mp4
132,544,1280,0,424,594,74,244,28900,0.0415,32130,/home/amos/server/media/movies/Pulp Fiction (1994)/Pulp Fiction (1994).mp4
133,544,1280,0,441,611,74,244,28900,0.0415,32340,/home/amos/server/media/movies/Pulp Fiction (1994)/Pulp Fiction (1994).mp4
134,544,1280,0,458,628,74,244,28900,0.0415,32550,/home/amos/server/media/movies/Pulp Fiction (1994)/Pulp Fiction (1994).mp4
135,544,1280,0,441,611,74,244,28900,0.0415,32760,/home/amos/server/media/movies/Pulp Fiction (1994)/Pulp Fiction (1994).mp4
136,544,1280,0,458,628,74,244,28900,0.0415,32970,/home/amos/server/media/movies/Pulp Fiction (1994)/Pulp Fiction (1994).mp4
137,544,1280,0,458,628,57,226,28730,0.0413,33180,/home/amos/server/media/movies/Pulp Fiction (1994)/Pulp Fiction (1994).mp4
138,544,1280,0,492,662,22,192,28900,0.0415,33390,/home/amos/server/media/movies/Pulp Fiction (1994)/Pulp Fiction (1994).mp4
139,544,1280,0,319,671,83,435,123904,0.1779,34440,/home/amos/server/media/movies/Pulp Fiction (1994)/Pulp Fiction (1994).mp4
140,544,1280,0,319,671,83,435,123904,0.1779,34650,/home/amos/server/media/movies/Pulp Fiction (1994)/Pulp Fiction (1994).mp4
141,544,1280,0,355,707,83,435,123904,0.1779,34860,/home/amos/server/media/movies/Pulp Fiction (1994)/Pulp Fiction (1994).mp4
142,544,1280,0,705,909,138,342,41616,0.0598,35070,/home/amos/server/media/movies/Pulp Fiction (1994)/Pulp Fiction (1994).mp4
143,544,1280,0,894,992,129,227,9604,0.0138,35700,/home/amos/server/media/movies/Pulp Fiction (1994)/Pulp Fiction (1994).mp4
144,544,1280,1,446,544,149,247,9604,0.0138,35700,/home/amos/server/media/movies/Pulp Fiction (1994)/Pulp Fiction (1994).mp4
145,544,1280,0,870,1074,97,300,41412,0.0595,35910,/home/amos/server/media/movies/Pulp Fiction (1994)/Pulp Fiction (1994).mp4
146,544,1280,0,514,582,54,122,4624,0.0066,36120,/home/amos/server/media/movies/Pulp Fiction (1994)/Pulp Fiction (1994).mp4
147,544,1280,1,888,1006,127,245,13924,0.02,36120,/home/amos/server/media/movies/Pulp Fiction (1994)/Pulp Fiction (1994).mp4
148,544,1280,0,767,971,76,280,41616,0.0598,36330,/home/amos/server/media/movies/Pulp Fiction (1994)/Pulp Fiction (1994).mp4
149,544,1280,0,733,903,74,244,28900,0.0415,36540,/home/amos/server/media/movies/Pulp Fiction (1994)/Pulp Fiction (1994).mp4
150,544,1280,0,746,950,76,280,41616,0.0598,36750,/home/amos/server/media/movies/Pulp Fiction (1994)/Pulp Fiction (1994).mp4
151,544,1280,0,819,989,143,312,28730,0.0413,36960,/home/amos/server/media/movies/Pulp Fiction (1994)/Pulp Fiction (1994).mp4
152,544,1280,0,744,862,67,185,13924,0.02,37170,/home/amos/server/media/movies/Pulp Fiction (1994)/Pulp Fiction (1994).mp4
153,544,1280,0,604,956,48,400,123904,0.1779,37380,/home/amos/server/media/movies/Pulp Fiction (1994)/Pulp Fiction (1994).mp4
154,544,1280,0,283,636,83,435,124256,0.1784,38220,/home/amos/server/media/movies/Pulp Fiction (1994)/Pulp Fiction (1994).mp4
155,544,1280,0,469,891,0,341,143902,0.2067,38430,/home/amos/server/media/movies/Pulp Fiction (1994)/Pulp Fiction (1994).mp4
156,544,1280,0,283,636,83,435,124256,0.1784,38640,/home/amos/server/media/movies/Pulp Fiction (1994)/Pulp Fiction (1994).mp4
157,544,1280,0,340,763,47,469,178506,0.2564,38850,/home/amos/server/media/movies/Pulp Fiction (1994)/Pulp Fiction (1994).mp4
158,544,1280,0,497,849,83,435,123904,0.1779,39060,/home/amos/server/media/movies/Pulp Fiction (1994)/Pulp Fiction (1994).mp4
159,544,1280,0,784,883,109,208,9801,0.0141,39690,/home/amos/server/media/movies/Pulp Fiction (1994)/Pulp Fiction (1994).mp4
160,544,1280,1,308,449,95,237,20022,0.0288,39690,/home/amos/server/media/movies/Pulp Fiction (1994)/Pulp Fiction (1994).mp4
161,544,1280,0,426,508,58,140,6724,0.0097,39900,/home/amos/server/media/movies/Pulp Fiction (1994)/Pulp Fiction (1994).mp4
162,544,1280,0,410,492,24,106,6724,0.0097,40110,/home/amos/server/media/movies/Pulp Fiction (1994)/Pulp Fiction (1994).mp4
163,544,1280,0,418,500,49,131,6724,0.0097,40320,/home/amos/server/media/movies/Pulp Fiction (1994)/Pulp Fiction (1994).mp4
164,544,1280,0,438,506,61,129,4624,0.0066,40530,/home/amos/server/media/movies/Pulp Fiction (1994)/Pulp Fiction (1994).mp4
165,544,1280,0,348,416,88,157,4692,0.0067,40740,/home/amos/server/media/movies/Pulp Fiction (1994)/Pulp Fiction (1994).mp4
166,544,1280,0,403,471,151,219,4624,0.0066,40950,/home/amos/server/media/movies/Pulp Fiction (1994)/Pulp Fiction (1994).mp4
167,544,1280,0,396,494,129,227,9604,0.0138,41160,/home/amos/server/media/movies/Pulp Fiction (1994)/Pulp Fiction (1994).mp4
168,544,1280,0,652,720,157,226,4692,0.0067,41580,/home/amos/server/media/movies/Pulp Fiction (1994)/Pulp Fiction (1994).mp4
169,544,1280,0,521,589,130,198,4624,0.0066,41790,/home/amos/server/media/movies/Pulp Fiction (1994)/Pulp Fiction (1994).mp4
170,544,1280,0,451,508,152,209,3249,0.0047,42000,/home/amos/server/media/movies/Pulp Fiction (1994)/Pulp Fiction (1994).mp4
171,544,1280,0,329,368,261,301,1560,0.0022,42210,/home/amos/server/media/movies/Pulp Fiction (1994)/Pulp Fiction (1994).mp4
172,544,1280,0,426,524,50,148,9604,0.0138,42420,/home/amos/server/media/movies/Pulp Fiction (1994)/Pulp Fiction (1994).mp4
173,544,1280,0,406,504,50,148,9604,0.0138,42630,/home/amos/server/media/movies/Pulp Fiction (1994)/Pulp Fiction (1994).mp4
174,544,1280,0,416,514,59,158,9702,0.0139,42840,/home/amos/server/media/movies/Pulp Fiction (1994)/Pulp Fiction (1994).mp4
175,544,1280,0,386,504,67,185,13924,0.02,43050,/home/amos/server/media/movies/Pulp Fiction (1994)/Pulp Fiction (1994).mp4
176,544,1280,0,500,568,199,267,4624,0.0066,43260,/home/amos/server/media/movies/Pulp Fiction (1994)/Pulp Fiction (1994).mp4
177,544,1280,0,357,865,0,493,250444,0.3597,44730,/home/amos/server/media/movies/Pulp Fiction (1994)/Pulp Fiction (1994).mp4
178,544,1280,0,507,575,68,136,4624,0.0066,46620,/home/amos/server/media/movies/Pulp Fiction (1994)/Pulp Fiction (1994).mp4
179,544,1280,0,335,417,66,148,6724,0.0097,47250,/home/amos/server/media/movies/Pulp Fiction (1994)/Pulp Fiction (1994).mp4
180,544,1280,0,369,437,61,129,4624,0.0066,47460,/home/amos/server/media/movies/Pulp Fiction (1994)/Pulp Fiction (1994).mp4
181,544,1280,0,416,514,69,168,9702,0.0139,47670,/home/amos/server/media/movies/Pulp Fiction (1994)/Pulp Fiction (1994).mp4
182,544,1280,0,770,838,81,150,4692,0.0067,47880,/home/amos/server/media/movies/Pulp Fiction (1994)/Pulp Fiction (1994).mp4
183,544,1280,0,362,656,151,444,86142,0.1237,48720,/home/amos/server/media/movies/Pulp Fiction (1994)/Pulp Fiction (1994).mp4
184,544,1280,0,583,651,151,219,4624,0.0066,48930,/home/amos/server/media/movies/Pulp Fiction (1994)/Pulp Fiction (1994).mp4
185,544,1280,0,251,392,153,294,19881,0.0286,49350,/home/amos/server/media/movies/Pulp Fiction (1994)/Pulp Fiction (1994).mp4
186,544,1280,1,910,1051,110,251,19881,0.0286,49350,/home/amos/server/media/movies/Pulp Fiction (1994)/Pulp Fiction (1994).mp4
187,544,1280,0,582,629,129,177,2256,0.0032,50190,/home/amos/server/media/movies/Pulp Fiction (1994)/Pulp Fiction (1994).mp4
188,544,1280,1,940,997,140,197,3249,0.0047,50190,/home/amos/server/media/movies/Pulp Fiction (1994)/Pulp Fiction (1994).mp4
189,544,1280,0,396,494,119,217,9604,0.0138,50400,/home/amos/server/media/movies/Pulp Fiction (1994)/Pulp Fiction (1994).mp4
190,544,1280,1,839,907,330,399,4692,0.0067,50400,/home/amos/server/media/movies/Pulp Fiction (1994)/Pulp Fiction (1994).mp4
191,544,1280,2,243,361,103,221,13924,0.02,50400,/home/amos/server/media/movies/Pulp Fiction (1994)/Pulp Fiction (1994).mp4
192,544,1280,0,53,110,106,163,3249,0.0047,51870,/home/amos/server/media/movies/Pulp Fiction (1994)/Pulp Fiction (1994).mp4
193,544,1280,1,1,40,137,177,1560,0.0022,51870,/home/amos/server/media/movies/Pulp Fiction (1994)/Pulp Fiction (1994).mp4
194,544,1280,0,776,845,54,122,4692,0.0067,52290,/home/amos/server/media/movies/Pulp Fiction (1994)/Pulp Fiction (1994).mp4
195,544,1280,1,318,375,227,284,3249,0.0047,52290,/home/amos/server/media/movies/Pulp Fiction (1994)/Pulp Fiction (1994).mp4
196,544,1280,0,549,588,169,209,1560,0.0022,52500,/home/amos/server/media/movies/Pulp Fiction (1994)/Pulp Fiction (1994).mp4
197,544,1280,1,1177,1224,240,287,2209,0.0032,52500,/home/amos/server/media/movies/Pulp Fiction (1994)/Pulp Fiction (1994).mp4
198,544,1280,2,808,865,94,151,3249,0.0047,52500,/home/amos/server/media/movies/Pulp Fiction (1994)/Pulp Fiction (1994).mp4
199,544,1280,0,355,525,91,261,28900,0.0415,52710,/home/amos/server/media/movies/Pulp Fiction (1994)/Pulp Fiction (1994).mp4
200,544,1280,0,561,731,108,278,28900,0.0415,52920,/home/amos/server/media/movies/Pulp Fiction (1994)/Pulp Fiction (1994).mp4
201,544,1280,0,540,744,117,321,41616,0.0598,53130,/home/amos/server/media/movies/Pulp Fiction (1994)/Pulp Fiction (1994).mp4
202,544,1280,0,824,922,288,387,9702,0.0139,53340,/home/amos/server/media/movies/Pulp Fiction (1994)/Pulp Fiction (1994).mp4
203,544,1280,0,408,550,110,251,20022,0.0288,53550,/home/amos/server/media/movies/Pulp Fiction (1994)/Pulp Fiction (1994).mp4
204,544,1280,0,1013,1112,249,347,9702,0.0139,53760,/home/amos/server/media/movies/Pulp Fiction (1994)/Pulp Fiction (1994).mp4
205,544,1280,1,555,624,88,157,4761,0.0068,53760,/home/amos/server/media/movies/Pulp Fiction (1994)/Pulp Fiction (1994).mp4
206,544,1280,2,195,313,187,305,13924,0.02,53760,/home/amos/server/media/movies/Pulp Fiction (1994)/Pulp Fiction (1994).mp4
207,544,1280,0,560,764,97,300,41412,0.0595,53970,/home/amos/server/media/movies/Pulp Fiction (1994)/Pulp Fiction (1994).mp4
208,544,1280,0,490,735,141,385,59780,0.0859,54180,/home/amos/server/media/movies/Pulp Fiction (1994)/Pulp Fiction (1994).mp4
209,544,1280,0,423,564,81,222,19881,0.0286,54390,/home/amos/server/media/movies/Pulp Fiction (1994)/Pulp Fiction (1994).mp4
210,544,1280,0,647,817,74,244,28900,0.0415,54600,/home/amos/server/media/movies/Pulp Fiction (1994)/Pulp Fiction (1994).mp4
211,544,1280,0,684,888,97,300,41412,0.0595,54810,/home/amos/server/media/movies/Pulp Fiction (1994)/Pulp Fiction (1994).mp4
212,544,1280,0,365,507,81,222,20022,0.0288,55020,/home/amos/server/media/movies/Pulp Fiction (1994)/Pulp Fiction (1994).mp4
213,544,1280,0,380,521,81,222,19881,0.0286,55230,/home/amos/server/media/movies/Pulp Fiction (1994)/Pulp Fiction (1994).mp4
214,544,1280,0,372,542,74,244,28900,0.0415,55440,/home/amos/server/media/movies/Pulp Fiction (1994)/Pulp Fiction (1994).mp4
215,544,1280,0,647,817,57,226,28730,0.0413,55650,/home/amos/server/media/movies/Pulp Fiction (1994)/Pulp Fiction (1994).mp4
216,544,1280,0,408,550,110,251,20022,0.0288,55860,/home/amos/server/media/movies/Pulp Fiction (1994)/Pulp Fiction (1994).mp4
217,544,1280,0,365,507,110,251,20022,0.0288,56070,/home/amos/server/media/movies/Pulp Fiction (1994)/Pulp Fiction (1994).mp4
218,544,1280,0,365,507,138,280,20164,0.029,56280,/home/amos/server/media/movies/Pulp Fiction (1994)/Pulp Fiction (1994).mp4
219,544,1280,0,681,822,95,237,20022,0.0288,56490,/home/amos/server/media/movies/Pulp Fiction (1994)/Pulp Fiction (1994).mp4
220,544,1280,0,738,879,81,222,19881,0.0286,56700,/home/amos/server/media/movies/Pulp Fiction (1994)/Pulp Fiction (1994).mp4
221,544,1280,0,785,955,57,226,28730,0.0413,56910,/home/amos/server/media/movies/Pulp Fiction (1994)/Pulp Fiction (1994).mp4
222,544,1280,0,490,735,166,410,59780,0.0859,57120,/home/amos/server/media/movies/Pulp Fiction (1994)/Pulp Fiction (1994).mp4
223,544,1280,0,465,710,141,385,59780,0.0859,57330,/home/amos/server/media/movies/Pulp Fiction (1994)/Pulp Fiction (1994).mp4
224,544,1280,0,540,744,138,342,41616,0.0598,57540,/home/amos/server/media/movies/Pulp Fiction (1994)/Pulp Fiction (1994).mp4
225,544,1280,0,540,744,158,362,41616,0.0598,57750,/home/amos/server/media/movies/Pulp Fiction (1994)/Pulp Fiction (1994).mp4
226,544,1280,0,498,702,97,300,41412,0.0595,57960,/home/amos/server/media/movies/Pulp Fiction (1994)/Pulp Fiction (1994).mp4
227,544,1280,0,515,760,67,311,59780,0.0859,58380,/home/amos/server/media/movies/Pulp Fiction (1994)/Pulp Fiction (1994).mp4
228,544,1280,0,639,883,91,336,59780,0.0859,58590,/home/amos/server/media/movies/Pulp Fiction (1994)/Pulp Fiction (1994).mp4
229,544,1280,0,565,809,91,336,59780,0.0859,58800,/home/amos/server/media/movies/Pulp Fiction (1994)/Pulp Fiction (1994).mp4
230,544,1280,0,490,735,116,361,60025,0.0862,59010,/home/amos/server/media/movies/Pulp Fiction (1994)/Pulp Fiction (1994).mp4
231,544,1280,0,738,982,166,410,59536,0.0855,59220,/home/amos/server/media/movies/Pulp Fiction (1994)/Pulp Fiction (1994).mp4
232,544,1280,0,713,958,166,410,59780,0.0859,59430,/home/amos/server/media/movies/Pulp Fiction (1994)/Pulp Fiction (1994).mp4
233,544,1280,0,317,561,116,361,59780,0.0859,59640,/home/amos/server/media/movies/Pulp Fiction (1994)/Pulp Fiction (1994).mp4
234,544,1280,0,688,933,141,385,59780,0.0859,60270,/home/amos/server/media/movies/Pulp Fiction (1994)/Pulp Fiction (1994).mp4
235,544,1280,0,688,933,141,385,59780,0.0859,60480,/home/amos/server/media/movies/Pulp Fiction (1994)/Pulp Fiction (1994).mp4
236,544,1280,0,391,636,141,385,59780,0.0859,60690,/home/amos/server/media/movies/Pulp Fiction (1994)/Pulp Fiction (1994).mp4
237,544,1280,0,688,933,166,410,59780,0.0859,60900,/home/amos/server/media/movies/Pulp Fiction (1994)/Pulp Fiction (1994).mp4
238,544,1280,0,713,958,116,361,60025,0.0862,61110,/home/amos/server/media/movies/Pulp Fiction (1994)/Pulp Fiction (1994).mp4
239,544,1280,0,581,620,73,113,1560,0.0022,61530,/home/amos/server/media/movies/Pulp Fiction (1994)/Pulp Fiction (1994).mp4
240,544,1280,0,577,695,306,424,13924,0.02,61740,/home/amos/server/media/movies/Pulp Fiction (1994)/Pulp Fiction (1994).mp4
241,544,1280,1,854,952,159,257,9604,0.0138,61740,/home/amos/server/media/movies/Pulp Fiction (1994)/Pulp Fiction (1994).mp4
242,544,1280,2,7,148,124,265,19881,0.0286,61740,/home/amos/server/media/movies/Pulp Fiction (1994)/Pulp Fiction (1994).mp4
243,544,1280,0,540,784,166,410,59536,0.0855,61950,/home/amos/server/media/movies/Pulp Fiction (1994)/Pulp Fiction (1994).mp4
244,544,1280,1,974,1144,177,347,28900,0.0415,61950,/home/amos/server/media/movies/Pulp Fiction (1994)/Pulp Fiction (1994).mp4
245,544,1280,2,0,269,181,474,78817,0.1132,61950,/home/amos/server/media/movies/Pulp Fiction (1994)/Pulp Fiction (1994).mp4
246,544,1280,0,478,682,97,300,41412,0.0595,62370,/home/amos/server/media/movies/Pulp Fiction (1994)/Pulp Fiction (1994).mp4
247,544,1280,0,589,707,67,185,13924,0.02,62580,/home/amos/server/media/movies/Pulp Fiction (1994)/Pulp Fiction (1994).mp4
248,544,1280,0,397,436,161,201,1560,0.0022,62790,/home/amos/server/media/movies/Pulp Fiction (1994)/Pulp Fiction (1994).mp4
249,544,1280,1,281,320,165,205,1560,0.0022,62790,/home/amos/server/media/movies/Pulp Fiction (1994)/Pulp Fiction (1994).mp4
250,544,1280,0,581,785,97,300,41412,0.0595,63000,/home/amos/server/media/movies/Pulp Fiction (1994)/Pulp Fiction (1994).mp4
251,544,1280,0,478,682,158,362,41616,0.0598,63210,/home/amos/server/media/movies/Pulp Fiction (1994)/Pulp Fiction (1994).mp4
252,544,1280,0,540,784,91,336,59780,0.0859,63420,/home/amos/server/media/movies/Pulp Fiction (1994)/Pulp Fiction (1994).mp4
253,544,1280,0,465,710,141,385,59780,0.0859,63630,/home/amos/server/media/movies/Pulp Fiction (1994)/Pulp Fiction (1994).mp4
254,544,1280,0,613,731,103,221,13924,0.02,63840,/home/amos/server/media/movies/Pulp Fiction (1994)/Pulp Fiction (1994).mp4
255,544,1280,0,251,392,124,265,19881,0.0286,64050,/home/amos/server/media/movies/Pulp Fiction (1994)/Pulp Fiction (1994).mp4
256,544,1280,0,560,764,138,342,41616,0.0598,64260,/home/amos/server/media/movies/Pulp Fiction (1994)/Pulp Fiction (1994).mp4
257,544,1280,0,498,702,117,321,41616,0.0598,64470,/home/amos/server/media/movies/Pulp Fiction (1994)/Pulp Fiction (1994).mp4
258,544,1280,0,540,744,117,321,41616,0.0598,64680,/home/amos/server/media/movies/Pulp Fiction (1994)/Pulp Fiction (1994).mp4
259,544,1280,0,441,685,141,385,59536,0.0855,64890,/home/amos/server/media/movies/Pulp Fiction (1994)/Pulp Fiction (1994).mp4
260,544,1280,0,519,723,117,321,41616,0.0598,65100,/home/amos/server/media/movies/Pulp Fiction (1994)/Pulp Fiction (1994).mp4
261,544,1280,0,365,507,124,265,20022,0.0288,65310,/home/amos/server/media/movies/Pulp Fiction (1994)/Pulp Fiction (1994).mp4
262,544,1280,0,581,785,117,321,41616,0.0598,65520,/home/amos/server/media/movies/Pulp Fiction (1994)/Pulp Fiction (1994).mp4
263,544,1280,0,498,702,97,300,41412,0.0595,65730,/home/amos/server/media/movies/Pulp Fiction (1994)/Pulp Fiction (1994).mp4
264,544,1280,0,581,785,97,300,41412,0.0595,65940,/home/amos/server/media/movies/Pulp Fiction (1994)/Pulp Fiction (1994).mp4
265,544,1280,0,867,1008,110,251,19881,0.0286,66150,/home/amos/server/media/movies/Pulp Fiction (1994)/Pulp Fiction (1994).mp4
266,544,1280,0,351,492,124,265,19881,0.0286,66360,/home/amos/server/media/movies/Pulp Fiction (1994)/Pulp Fiction (1994).mp4
267,544,1280,0,540,784,91,336,59780,0.0859,66570,/home/amos/server/media/movies/Pulp Fiction (1994)/Pulp Fiction (1994).mp4
268,544,1280,0,540,784,67,311,59536,0.0855,66780,/home/amos/server/media/movies/Pulp Fiction (1994)/Pulp Fiction (1994).mp4
269,544,1280,0,565,809,91,336,59780,0.0859,66990,/home/amos/server/media/movies/Pulp Fiction (1994)/Pulp Fiction (1994).mp4
270,544,1280,0,814,871,77,134,3249,0.0047,67200,/home/amos/server/media/movies/Pulp Fiction (1994)/Pulp Fiction (1994).mp4
271,544,1280,1,702,749,105,153,2256,0.0032,67200,/home/amos/server/media/movies/Pulp Fiction (1994)/Pulp Fiction (1994).mp4
272,544,1280,0,622,826,138,342,41616,0.0598,67410,/home/amos/server/media/movies/Pulp Fiction (1994)/Pulp Fiction (1994).mp4
273,544,1280,0,811,879,68,136,4624,0.0066,67620,/home/amos/server/media/movies/Pulp Fiction (1994)/Pulp Fiction (1994).mp4
274,544,1280,1,716,764,110,158,2304,0.0033,67620,/home/amos/server/media/movies/Pulp Fiction (1994)/Pulp Fiction (1994).mp4
275,544,1280,0,560,764,138,342,41616,0.0598,67830,/home/amos/server/media/movies/Pulp Fiction (1994)/Pulp Fiction (1994).mp4
276,544,1280,0,795,937,153,294,20022,0.0288,68040,/home/amos/server/media/movies/Pulp Fiction (1994)/Pulp Fiction (1994).mp4
277,544,1280,0,353,410,400,456,3192,0.0046,68250,/home/amos/server/media/movies/Pulp Fiction (1994)/Pulp Fiction (1994).mp4
278,544,1280,1,557,596,73,113,1560,0.0022,68250,/home/amos/server/media/movies/Pulp Fiction (1994)/Pulp Fiction (1994).mp4
279,544,1280,0,701,740,57,97,1560,0.0022,68460,/home/amos/server/media/movies/Pulp Fiction (1994)/Pulp Fiction (1994).mp4
280,544,1280,1,625,672,86,134,2256,0.0032,68460,/home/amos/server/media/movies/Pulp Fiction (1994)/Pulp Fiction (1994).mp4
281,544,1280,0,749,788,157,197,1560,0.0022,69300,/home/amos/server/media/movies/Pulp Fiction (1994)/Pulp Fiction (1994).mp4
282,544,1280,0,702,749,125,172,2209,0.0032,69510,/home/amos/server/media/movies/Pulp Fiction (1994)/Pulp Fiction (1994).mp4
283,544,1280,1,513,552,101,141,1560,0.0022,69510,/home/amos/server/media/movies/Pulp Fiction (1994)/Pulp Fiction (1994).mp4
284,544,1280,0,765,804,109,149,1560,0.0022,69720,/home/amos/server/media/movies/Pulp Fiction (1994)/Pulp Fiction (1994).mp4
285,544,1280,0,910,1051,81,222,19881,0.0286,70140,/home/amos/server/media/movies/Pulp Fiction (1994)/Pulp Fiction (1994).mp4
286,544,1280,0,709,827,103,221,13924,0.02,70770,/home/amos/server/media/movies/Pulp Fiction (1994)/Pulp Fiction (1994).mp4
287,544,1280,0,756,874,127,245,13924,0.02,71190,/home/amos/server/media/movies/Pulp Fiction (1994)/Pulp Fiction (1994).mp4
288,544,1280,0,456,554,119,217,9604,0.0138,71400,/home/amos/server/media/movies/Pulp Fiction (1994)/Pulp Fiction (1994).mp4
289,544,1280,0,876,994,258,376,13924,0.02,71610,/home/amos/server/media/movies/Pulp Fiction (1994)/Pulp Fiction (1994).mp4
290,544,1280,0,659,706,77,124,2209,0.0032,72240,/home/amos/server/media/movies/Pulp Fiction (1994)/Pulp Fiction (1994).mp4
291,544,1280,0,494,636,67,208,20022,0.0288,72450,/home/amos/server/media/movies/Pulp Fiction (1994)/Pulp Fiction (1994).mp4
292,544,1280,0,386,504,79,197,13924,0.02,72660,/home/amos/server/media/movies/Pulp Fiction (1994)/Pulp Fiction (1994).mp4
293,544,1280,1,792,910,115,233,13924,0.02,72660,/home/amos/server/media/movies/Pulp Fiction (1994)/Pulp Fiction (1994).mp4
294,544,1280,0,398,516,91,209,13924,0.02,72870,/home/amos/server/media/movies/Pulp Fiction (1994)/Pulp Fiction (1994).mp4
295,544,1280,1,756,874,79,197,13924,0.02,72870,/home/amos/server/media/movies/Pulp Fiction (1994)/Pulp Fiction (1994).mp4
296,544,1280,0,406,504,40,138,9604,0.0138,73500,/home/amos/server/media/movies/Pulp Fiction (1994)/Pulp Fiction (1994).mp4
297,544,1280,0,94,151,342,399,3249,0.0047,74340,/home/amos/server/media/movies/Pulp Fiction (1994)/Pulp Fiction (1994).mp4
298,544,1280,1,695,793,50,148,9604,0.0138,74340,/home/amos/server/media/movies/Pulp Fiction (1994)/Pulp Fiction (1994).mp4
299,544,1280,0,88,145,353,410,3249,0.0047,74550,/home/amos/server/media/movies/Pulp Fiction (1994)/Pulp Fiction (1994).mp4
300,544,1280,1,725,807,41,123,6724,0.0097,74550,/home/amos/server/media/movies/Pulp Fiction (1994)/Pulp Fiction (1994).mp4
301,544,1280,0,559,641,49,131,6724,0.0097,74760,/home/amos/server/media/movies/Pulp Fiction (1994)/Pulp Fiction (1994).mp4
302,544,1280,0,105,162,365,422,3249,0.0047,75600,/home/amos/server/media/movies/Pulp Fiction (1994)/Pulp Fiction (1994).mp4
303,544,1280,0,482,600,79,197,13924,0.02,75810,/home/amos/server/media/movies/Pulp Fiction (1994)/Pulp Fiction (1994).mp4
304,544,1280,0,555,654,119,217,9702,0.0139,76020,/home/amos/server/media/movies/Pulp Fiction (1994)/Pulp Fiction (1994).mp4
305,544,1280,0,501,583,132,214,6724,0.0097,76440,/home/amos/server/media/movies/Pulp Fiction (1994)/Pulp Fiction (1994).mp4
306,544,1280,1,779,826,153,201,2256,0.0032,76440,/home/amos/server/media/movies/Pulp Fiction (1994)/Pulp Fiction (1994).mp4
307,544,1280,0,506,604,129,227,9604,0.0138,76650,/home/amos/server/media/movies/Pulp Fiction (1994)/Pulp Fiction (1994).mp4
308,544,1280,0,555,654,129,227,9702,0.0139,76860,/home/amos/server/media/movies/Pulp Fiction (1994)/Pulp Fiction (1994).mp4
309,544,1280,0,100,156,371,428,3192,0.0046,77070,/home/amos/server/media/movies/Pulp Fiction (1994)/Pulp Fiction (1994).mp4
310,544,1280,1,741,823,82,164,6724,0.0097,77070,/home/amos/server/media/movies/Pulp Fiction (1994)/Pulp Fiction (1994).mp4
311,544,1280,0,458,576,19,137,13924,0.02,77280,/home/amos/server/media/movies/Pulp Fiction (1994)/Pulp Fiction (1994).mp4
312,544,1280,0,544,714,108,278,28900,0.0415,77490,/home/amos/server/media/movies/Pulp Fiction (1994)/Pulp Fiction (1994).mp4
313,544,1280,0,298,907,0,522,317898,0.4565,77910,/home/amos/server/media/movies/Pulp Fiction (1994)/Pulp Fiction (1994).mp4
314,544,1280,0,237,845,0,544,330752,0.475,78120,/home/amos/server/media/movies/Pulp Fiction (1994)/Pulp Fiction (1994).mp4
315,544,1280,0,565,809,67,311,59536,0.0855,79170,/home/amos/server/media/movies/Pulp Fiction (1994)/Pulp Fiction (1994).mp4
316,544,1280,0,602,806,76,280,41616,0.0598,79380,/home/amos/server/media/movies/Pulp Fiction (1994)/Pulp Fiction (1994).mp4
317,544,1280,0,661,779,282,400,13924,0.02,79590,/home/amos/server/media/movies/Pulp Fiction (1994)/Pulp Fiction (1994).mp4
318,544,1280,0,622,826,76,280,41616,0.0598,79800,/home/amos/server/media/movies/Pulp Fiction (1994)/Pulp Fiction (1994).mp4
319,544,1280,0,625,707,157,239,6724,0.0097,80010,/home/amos/server/media/movies/Pulp Fiction (1994)/Pulp Fiction (1994).mp4
320,544,1280,0,756,813,376,433,3249,0.0047,80850,/home/amos/server/media/movies/Pulp Fiction (1994)/Pulp Fiction (1994).mp4
321,544,1280,0,664,867,97,300,41209,0.0592,81480,/home/amos/server/media/movies/Pulp Fiction (1994)/Pulp Fiction (1994).mp4
322,544,1280,0,681,738,65,122,3249,0.0047,82320,/home/amos/server/media/movies/Pulp Fiction (1994)/Pulp Fiction (1994).mp4
323,544,1280,0,717,756,185,225,1560,0.0022,83580,/home/amos/server/media/movies/Pulp Fiction (1994)/Pulp Fiction (1994).mp4
324,544,1280,1,1101,1140,253,293,1560,0.0022,83580,/home/amos/server/media/movies/Pulp Fiction (1994)/Pulp Fiction (1994).mp4
325,544,1280,0,841,923,58,140,6724,0.0097,84840,/home/amos/server/media/movies/Pulp Fiction (1994)/Pulp Fiction (1994).mp4
326,544,1280,1,446,544,59,158,9702,0.0139,84840,/home/amos/server/media/movies/Pulp Fiction (1994)/Pulp Fiction (1994).mp4
327,544,1280,0,711,759,9,57,2304,0.0033,85050,/home/amos/server/media/movies/Pulp Fiction (1994)/Pulp Fiction (1994).mp4
328,544,1280,0,745,792,24,71,2209,0.0032,85260,/home/amos/server/media/movies/Pulp Fiction (1994)/Pulp Fiction (1994).mp4
329,544,1280,1,297,336,201,241,1560,0.0022,85260,/home/amos/server/media/movies/Pulp Fiction (1994)/Pulp Fiction (1994).mp4
330,544,1280,2,891,973,74,156,6724,0.0097,85260,/home/amos/server/media/movies/Pulp Fiction (1994)/Pulp Fiction (1994).mp4
331,544,1280,0,881,1023,81,222,20022,0.0288,85680,/home/amos/server/media/movies/Pulp Fiction (1994)/Pulp Fiction (1994).mp4
332,544,1280,1,320,490,57,226,28730,0.0413,85680,/home/amos/server/media/movies/Pulp Fiction (1994)/Pulp Fiction (1994).mp4
333,544,1280,0,322,464,153,294,20022,0.0288,85890,/home/amos/server/media/movies/Pulp Fiction (1994)/Pulp Fiction (1994).mp4
334,544,1280,1,680,748,19,87,4624,0.0066,85890,/home/amos/server/media/movies/Pulp Fiction (1994)/Pulp Fiction (1994).mp4
335,544,1280,0,630,800,39,209,28900,0.0415,86100,/home/amos/server/media/movies/Pulp Fiction (1994)/Pulp Fiction (1994).mp4
336,544,1280,0,668,716,19,66,2256,0.0032,86310,/home/amos/server/media/movies/Pulp Fiction (1994)/Pulp Fiction (1994).mp4
337,544,1280,1,253,292,233,273,1560,0.0022,86310,/home/amos/server/media/movies/Pulp Fiction (1994)/Pulp Fiction (1994).mp4
338,544,1280,2,426,508,182,264,6724,0.0097,86310,/home/amos/server/media/movies/Pulp Fiction (1994)/Pulp Fiction (1994).mp4
339,544,1280,3,766,848,124,206,6724,0.0097,86310,/home/amos/server/media/movies/Pulp Fiction (1994)/Pulp Fiction (1994).mp4
340,544,1280,0,808,890,124,206,6724,0.0097,86520,/home/amos/server/media/movies/Pulp Fiction (1994)/Pulp Fiction (1994).mp4
341,544,1280,1,699,755,181,238,3192,0.0046,86520,/home/amos/server/media/movies/Pulp Fiction (1994)/Pulp Fiction (1994).mp4
342,544,1280,2,519,567,149,196,2256,0.0032,86520,/home/amos/server/media/movies/Pulp Fiction (1994)/Pulp Fiction (1994).mp4
343,544,1280,3,443,525,157,239,6724,0.0097,86520,/home/amos/server/media/movies/Pulp Fiction (1994)/Pulp Fiction (1994).mp4
344,544,1280,0,426,849,47,469,178506,0.2564,86730,/home/amos/server/media/movies/Pulp Fiction (1994)/Pulp Fiction (1994).mp4
345,544,1280,0,563,1070,0,493,249951,0.359,86940,/home/amos/server/media/movies/Pulp Fiction (1994)/Pulp Fiction (1994).mp4
346,544,1280,0,100,217,31,149,13806,0.0198,87570,/home/amos/server/media/movies/Pulp Fiction (1994)/Pulp Fiction (1994).mp4
347,544,1280,0,884,932,254,301,2256,0.0032,87780,/home/amos/server/media/movies/Pulp Fiction (1994)/Pulp Fiction (1994).mp4
348,544,1280,1,369,408,141,181,1560,0.0022,87780,/home/amos/server/media/movies/Pulp Fiction (1994)/Pulp Fiction (1994).mp4
349,544,1280,0,231,349,199,317,13924,0.02,87990,/home/amos/server/media/movies/Pulp Fiction (1994)/Pulp Fiction (1994).mp4
350,544,1280,1,852,970,175,293,13924,0.02,87990,/home/amos/server/media/movies/Pulp Fiction (1994)/Pulp Fiction (1994).mp4
351,544,1280,0,539,586,67,114,2209,0.0032,88830,/home/amos/server/media/movies/Pulp Fiction (1994)/Pulp Fiction (1994).mp4
352,544,1280,0,426,524,99,198,9702,0.0139,89670,/home/amos/server/media/movies/Pulp Fiction (1994)/Pulp Fiction (1994).mp4
353,544,1280,0,476,558,82,164,6724,0.0097,89880,/home/amos/server/media/movies/Pulp Fiction (1994)/Pulp Fiction (1994).mp4
354,544,1280,0,468,550,82,164,6724,0.0097,90090,/home/amos/server/media/movies/Pulp Fiction (1994)/Pulp Fiction (1994).mp4
355,544,1280,0,526,624,69,168,9702,0.0139,90300,/home/amos/server/media/movies/Pulp Fiction (1994)/Pulp Fiction (1994).mp4
356,544,1280,0,559,641,74,156,6724,0.0097,90510,/home/amos/server/media/movies/Pulp Fiction (1994)/Pulp Fiction (1994).mp4
357,544,1280,0,526,624,79,178,9702,0.0139,90720,/home/amos/server/media/movies/Pulp Fiction (1994)/Pulp Fiction (1994).mp4
358,544,1280,0,779,836,60,117,3249,0.0047,92610,/home/amos/server/media/movies/Pulp Fiction (1994)/Pulp Fiction (1994).mp4
359,544,1280,0,773,830,54,111,3249,0.0047,92820,/home/amos/server/media/movies/Pulp Fiction (1994)/Pulp Fiction (1994).mp4
360,544,1280,0,745,802,54,111,3249,0.0047,93030,/home/amos/server/media/movies/Pulp Fiction (1994)/Pulp Fiction (1994).mp4
361,544,1280,0,745,802,54,111,3249,0.0047,93240,/home/amos/server/media/movies/Pulp Fiction (1994)/Pulp Fiction (1994).mp4
362,544,1280,0,390,742,83,435,123904,0.1779,93450,/home/amos/server/media/movies/Pulp Fiction (1994)/Pulp Fiction (1994).mp4
363,544,1280,0,797,865,54,122,4624,0.0066,93660,/home/amos/server/media/movies/Pulp Fiction (1994)/Pulp Fiction (1994).mp4
364,544,1280,0,638,779,124,265,19881,0.0286,93870,/home/amos/server/media/movies/Pulp Fiction (1994)/Pulp Fiction (1994).mp4
365,544,1280,0,537,679,95,237,20164,0.029,94080,/home/amos/server/media/movies/Pulp Fiction (1994)/Pulp Fiction (1994).mp4
366,544,1280,0,578,748,91,261,28900,0.0415,94290,/home/amos/server/media/movies/Pulp Fiction (1994)/Pulp Fiction (1994).mp4
367,544,1280,0,623,765,81,222,20022,0.0288,94500,/home/amos/server/media/movies/Pulp Fiction (1994)/Pulp Fiction (1994).mp4
368,544,1280,0,580,722,81,222,20022,0.0288,94710,/home/amos/server/media/movies/Pulp Fiction (1994)/Pulp Fiction (1994).mp4
369,544,1280,0,248,600,119,471,123904,0.1779,94920,/home/amos/server/media/movies/Pulp Fiction (1994)/Pulp Fiction (1994).mp4
370,544,1280,0,512,934,4,426,178084,0.2558,95130,/home/amos/server/media/movies/Pulp Fiction (1994)/Pulp Fiction (1994).mp4
371,544,1280,0,383,806,4,426,178506,0.2564,95340,/home/amos/server/media/movies/Pulp Fiction (1994)/Pulp Fiction (1994).mp4
372,544,1280,0,426,849,4,426,178506,0.2564,95550,/home/amos/server/media/movies/Pulp Fiction (1994)/Pulp Fiction (1994).mp4
373,544,1280,0,383,806,4,426,178506,0.2564,95760,/home/amos/server/media/movies/Pulp Fiction (1994)/Pulp Fiction (1994).mp4
374,544,1280,0,426,849,47,469,178506,0.2564,95970,/home/amos/server/media/movies/Pulp Fiction (1994)/Pulp Fiction (1994).mp4
375,544,1280,0,383,806,4,426,178506,0.2564,96180,/home/amos/server/media/movies/Pulp Fiction (1994)/Pulp Fiction (1994).mp4
376,544,1280,0,355,707,83,435,123904,0.1779,96390,/home/amos/server/media/movies/Pulp Fiction (1994)/Pulp Fiction (1994).mp4
377,544,1280,0,554,977,47,469,178506,0.2564,96600,/home/amos/server/media/movies/Pulp Fiction (1994)/Pulp Fiction (1994).mp4
378,544,1280,0,566,707,81,222,19881,0.0286,97020,/home/amos/server/media/movies/Pulp Fiction (1994)/Pulp Fiction (1994).mp4
379,544,1280,0,580,722,81,222,20022,0.0288,97230,/home/amos/server/media/movies/Pulp Fiction (1994)/Pulp Fiction (1994).mp4
380,544,1280,0,595,736,95,237,20022,0.0288,97440,/home/amos/server/media/movies/Pulp Fiction (1994)/Pulp Fiction (1994).mp4
381,544,1280,0,578,748,57,226,28730,0.0413,97650,/home/amos/server/media/movies/Pulp Fiction (1994)/Pulp Fiction (1994).mp4
382,544,1280,0,623,765,81,222,20022,0.0288,97860,/home/amos/server/media/movies/Pulp Fiction (1994)/Pulp Fiction (1994).mp4
383,544,1280,0,509,591,74,156,6724,0.0097,98280,/home/amos/server/media/movies/Pulp Fiction (1994)/Pulp Fiction (1994).mp4
384,544,1280,0,822,869,326,373,2209,0.0032,98490,/home/amos/server/media/movies/Pulp Fiction (1994)/Pulp Fiction (1994).mp4
385,544,1280,1,517,599,74,156,6724,0.0097,98490,/home/amos/server/media/movies/Pulp Fiction (1994)/Pulp Fiction (1994).mp4
386,544,1280,0,903,951,312,359,2256,0.0032,98700,/home/amos/server/media/movies/Pulp Fiction (1994)/Pulp Fiction (1994).mp4
387,544,1280,0,462,814,83,435,123904,0.1779,99330,/home/amos/server/media/movies/Pulp Fiction (1994)/Pulp Fiction (1994).mp4
388,544,1280,0,462,814,83,435,123904,0.1779,99540,/home/amos/server/media/movies/Pulp Fiction (1994)/Pulp Fiction (1994).mp4
389,544,1280,0,462,814,83,435,123904,0.1779,99750,/home/amos/server/media/movies/Pulp Fiction (1994)/Pulp Fiction (1994).mp4
390,544,1280,0,871,1041,194,364,28900,0.0415,101010,/home/amos/server/media/movies/Pulp Fiction (1994)/Pulp Fiction (1994).mp4
391,544,1280,0,854,1024,177,347,28900,0.0415,101220,/home/amos/server/media/movies/Pulp Fiction (1994)/Pulp Fiction (1994).mp4
392,544,1280,0,819,989,160,330,28900,0.0415,101430,/home/amos/server/media/movies/Pulp Fiction (1994)/Pulp Fiction (1994).mp4
393,544,1280,0,802,972,160,330,28900,0.0415,101640,/home/amos/server/media/movies/Pulp Fiction (1994)/Pulp Fiction (1994).mp4
394,544,1280,0,910,1051,224,366,20022,0.0288,103110,/home/amos/server/media/movies/Pulp Fiction (1994)/Pulp Fiction (1994).mp4
395,544,1280,0,936,1054,234,352,13924,0.02,103320,/home/amos/server/media/movies/Pulp Fiction (1994)/Pulp Fiction (1994).mp4
396,544,1280,0,896,1037,224,366,20022,0.0288,103530,/home/amos/server/media/movies/Pulp Fiction (1994)/Pulp Fiction (1994).mp4
397,544,1280,0,924,1042,222,340,13924,0.02,103740,/home/amos/server/media/movies/Pulp Fiction (1994)/Pulp Fiction (1994).mp4
398,544,1280,0,936,1054,246,364,13924,0.02,103950,/home/amos/server/media/movies/Pulp Fiction (1994)/Pulp Fiction (1994).mp4
399,544,1280,0,516,614,288,387,9702,0.0139,104160,/home/amos/server/media/movies/Pulp Fiction (1994)/Pulp Fiction (1994).mp4
400,544,1280,0,416,620,97,300,41412,0.0595,104370,/home/amos/server/media/movies/Pulp Fiction (1994)/Pulp Fiction (1994).mp4
401,544,1280,0,395,599,117,321,41616,0.0598,104790,/home/amos/server/media/movies/Pulp Fiction (1994)/Pulp Fiction (1994).mp4
402,544,1280,0,437,578,153,294,19881,0.0286,105420,/home/amos/server/media/movies/Pulp Fiction (1994)/Pulp Fiction (1994).mp4
403,544,1280,1,818,1170,83,435,123904,0.1779,105420,/home/amos/server/media/movies/Pulp Fiction (1994)/Pulp Fiction (1994).mp4
404,544,1280,0,365,507,124,265,20022,0.0288,105630,/home/amos/server/media/movies/Pulp Fiction (1994)/Pulp Fiction (1994).mp4
405,544,1280,0,350,468,127,245,13924,0.02,105840,/home/amos/server/media/movies/Pulp Fiction (1994)/Pulp Fiction (1994).mp4
406,544,1280,0,659,953,181,474,86142,0.1237,107310,/home/amos/server/media/movies/Pulp Fiction (1994)/Pulp Fiction (1994).mp4
407,544,1280,0,589,628,157,197,1560,0.0022,108150,/home/amos/server/media/movies/Pulp Fiction (1994)/Pulp Fiction (1994).mp4
408,544,1280,0,94,151,60,117,3249,0.0047,109620,/home/amos/server/media/movies/Pulp Fiction (1994)/Pulp Fiction (1994).mp4
409,544,1280,0,880,948,116,184,4624,0.0066,116760,/home/amos/server/media/movies/Pulp Fiction (1994)/Pulp Fiction (1994).mp4
410,544,1280,0,891,973,99,181,6724,0.0097,117180,/home/amos/server/media/movies/Pulp Fiction (1994)/Pulp Fiction (1994).mp4
411,544,1280,0,891,973,107,189,6724,0.0097,117390,/home/amos/server/media/movies/Pulp Fiction (1994)/Pulp Fiction (1994).mp4
412,544,1280,0,880,948,151,219,4624,0.0066,117810,/home/amos/server/media/movies/Pulp Fiction (1994)/Pulp Fiction (1994).mp4
413,544,1280,0,1048,1130,141,222,6642,0.0095,118230,/home/amos/server/media/movies/Pulp Fiction (1994)/Pulp Fiction (1994).mp4
414,544,1280,0,613,731,55,173,13924,0.02,119070,/home/amos/server/media/movies/Pulp Fiction (1994)/Pulp Fiction (1994).mp4
415,544,1280,0,222,363,95,237,20022,0.0288,119910,/home/amos/server/media/movies/Pulp Fiction (1994)/Pulp Fiction (1994).mp4
416,544,1280,0,745,802,48,105,3249,0.0047,120750,/home/amos/server/media/movies/Pulp Fiction (1994)/Pulp Fiction (1994).mp4
417,544,1280,0,496,594,99,198,9702,0.0139,120960,/home/amos/server/media/movies/Pulp Fiction (1994)/Pulp Fiction (1994).mp4
418,544,1280,0,509,591,91,173,6724,0.0097,121170,/home/amos/server/media/movies/Pulp Fiction (1994)/Pulp Fiction (1994).mp4
419,544,1280,0,584,666,99,181,6724,0.0097,122010,/home/amos/server/media/movies/Pulp Fiction (1994)/Pulp Fiction (1994).mp4
420,544,1280,0,559,641,199,281,6724,0.0097,122220,/home/amos/server/media/movies/Pulp Fiction (1994)/Pulp Fiction (1994).mp4
421,544,1280,0,446,564,67,185,13924,0.02,122430,/home/amos/server/media/movies/Pulp Fiction (1994)/Pulp Fiction (1994).mp4
422,544,1280,0,195,313,67,185,13924,0.02,122850,/home/amos/server/media/movies/Pulp Fiction (1994)/Pulp Fiction (1994).mp4
423,544,1280,0,222,363,52,194,20022,0.0288,123060,/home/amos/server/media/movies/Pulp Fiction (1994)/Pulp Fiction (1994).mp4
424,544,1280,0,243,361,67,185,13924,0.02,123270,/home/amos/server/media/movies/Pulp Fiction (1994)/Pulp Fiction (1994).mp4
425,544,1280,0,441,611,108,278,28900,0.0415,123480,/home/amos/server/media/movies/Pulp Fiction (1994)/Pulp Fiction (1994).mp4
426,544,1280,0,441,611,108,278,28900,0.0415,123690,/home/amos/server/media/movies/Pulp Fiction (1994)/Pulp Fiction (1994).mp4
427,544,1280,0,476,574,79,178,9702,0.0139,124320,/home/amos/server/media/movies/Pulp Fiction (1994)/Pulp Fiction (1994).mp4
428,544,1280,0,640,992,83,435,123904,0.1779,124530,/home/amos/server/media/movies/Pulp Fiction (1994)/Pulp Fiction (1994).mp4
429,544,1280,0,600,893,121,415,86142,0.1237,124740,/home/amos/server/media/movies/Pulp Fiction (1994)/Pulp Fiction (1994).mp4
430,544,1280,0,614,859,141,385,59780,0.0859,124950,/home/amos/server/media/movies/Pulp Fiction (1994)/Pulp Fiction (1994).mp4
431,544,1280,0,675,757,141,222,6642,0.0095,125580,/home/amos/server/media/movies/Pulp Fiction (1994)/Pulp Fiction (1994).mp4
432,544,1280,0,841,923,33,115,6724,0.0097,125790,/home/amos/server/media/movies/Pulp Fiction (1994)/Pulp Fiction (1994).mp4
433,544,1280,0,395,599,179,383,41616,0.0598,126000,/home/amos/server/media/movies/Pulp Fiction (1994)/Pulp Fiction (1994).mp4
434,544,1280,0,687,755,206,274,4624,0.0066,126210,/home/amos/server/media/movies/Pulp Fiction (1994)/Pulp Fiction (1994).mp4
435,544,1280,0,192,249,37,94,3249,0.0047,126420,/home/amos/server/media/movies/Pulp Fiction (1994)/Pulp Fiction (1994).mp4
436,544,1280,0,283,636,48,400,124256,0.1784,126840,/home/amos/server/media/movies/Pulp Fiction (1994)/Pulp Fiction (1994).mp4
437,544,1280,0,664,834,160,330,28900,0.0415,127050,/home/amos/server/media/movies/Pulp Fiction (1994)/Pulp Fiction (1994).mp4
438,544,1280,0,666,808,81,222,20022,0.0288,130410,/home/amos/server/media/movies/Pulp Fiction (1994)/Pulp Fiction (1994).mp4
439,544,1280,0,595,652,100,157,3249,0.0047,130620,/home/amos/server/media/movies/Pulp Fiction (1994)/Pulp Fiction (1994).mp4
440,544,1280,0,584,666,91,173,6724,0.0097,131250,/home/amos/server/media/movies/Pulp Fiction (1994)/Pulp Fiction (1994).mp4
441,544,1280,0,638,779,67,208,19881,0.0286,131460,/home/amos/server/media/movies/Pulp Fiction (1994)/Pulp Fiction (1994).mp4
442,544,1280,0,458,576,115,233,13924,0.02,131670,/home/amos/server/media/movies/Pulp Fiction (1994)/Pulp Fiction (1994).mp4
443,544,1280,0,906,963,42,99,3249,0.0047,131880,/home/amos/server/media/movies/Pulp Fiction (1994)/Pulp Fiction (1994).mp4
444,544,1280,0,506,604,69,168,9702,0.0139,132090,/home/amos/server/media/movies/Pulp Fiction (1994)/Pulp Fiction (1994).mp4
445,544,1280,0,526,624,79,178,9702,0.0139,132300,/home/amos/server/media/movies/Pulp Fiction (1994)/Pulp Fiction (1994).mp4
446,544,1280,0,912,1030,67,185,13924,0.02,132720,/home/amos/server/media/movies/Pulp Fiction (1994)/Pulp Fiction (1994).mp4
447,544,1280,0,901,969,75,143,4624,0.0066,132930,/home/amos/server/media/movies/Pulp Fiction (1994)/Pulp Fiction (1994).mp4
448,544,1280,0,825,882,37,94,3249,0.0047,133140,/home/amos/server/media/movies/Pulp Fiction (1994)/Pulp Fiction (1994).mp4
449,544,1280,0,942,1011,26,94,4692,0.0067,133560,/home/amos/server/media/movies/Pulp Fiction (1994)/Pulp Fiction (1994).mp4
450,544,1280,0,600,893,32,325,85849,0.1233,134820,/home/amos/server/media/movies/Pulp Fiction (1994)/Pulp Fiction (1994).mp4
451,544,1280,0,533,885,48,400,123904,0.1779,135450,/home/amos/server/media/movies/Pulp Fiction (1994)/Pulp Fiction (1994).mp4
452,544,1280,0,515,760,67,311,59780,0.0859,135660,/home/amos/server/media/movies/Pulp Fiction (1994)/Pulp Fiction (1994).mp4
453,544,1280,0,664,908,116,361,59780,0.0859,135870,/home/amos/server/media/movies/Pulp Fiction (1994)/Pulp Fiction (1994).mp4
454,544,1280,0,561,600,97,137,1560,0.0022,136080,/home/amos/server/media/movies/Pulp Fiction (1994)/Pulp Fiction (1994).mp4
455,544,1280,0,526,624,89,188,9702,0.0139,136920,/home/amos/server/media/movies/Pulp Fiction (1994)/Pulp Fiction (1994).mp4
456,544,1280,1,840,958,79,197,13924,0.02,136920,/home/amos/server/media/movies/Pulp Fiction (1994)/Pulp Fiction (1994).mp4
457,544,1280,2,1127,1245,67,185,13924,0.02,136920,/home/amos/server/media/movies/Pulp Fiction (1994)/Pulp Fiction (1994).mp4
458,544,1280,0,540,784,67,311,59536,0.0855,137130,/home/amos/server/media/movies/Pulp Fiction (1994)/Pulp Fiction (1994).mp4
459,544,1280,0,721,789,144,212,4624,0.0066,138180,/home/amos/server/media/movies/Pulp Fiction (1994)/Pulp Fiction (1994).mp4
460,544,1280,0,265,406,296,437,19881,0.0286,138600,/home/amos/server/media/movies/Pulp Fiction (1994)/Pulp Fiction (1994).mp4
461,544,1280,0,422,540,91,209,13924,0.02,138810,/home/amos/server/media/movies/Pulp Fiction (1994)/Pulp Fiction (1994).mp4
462,544,1280,0,406,504,79,178,9702,0.0139,139020,/home/amos/server/media/movies/Pulp Fiction (1994)/Pulp Fiction (1994).mp4
463,544,1280,0,466,564,79,178,9702,0.0139,139230,/home/amos/server/media/movies/Pulp Fiction (1994)/Pulp Fiction (1994).mp4
464,544,1280,0,389,458,75,143,4692,0.0067,139440,/home/amos/server/media/movies/Pulp Fiction (1994)/Pulp Fiction (1994).mp4
465,544,1280,0,625,707,99,181,6724,0.0097,139650,/home/amos/server/media/movies/Pulp Fiction (1994)/Pulp Fiction (1994).mp4
466,544,1280,0,426,524,119,217,9604,0.0138,140070,/home/amos/server/media/movies/Pulp Fiction (1994)/Pulp Fiction (1994).mp4
467,544,1280,0,758,840,58,140,6724,0.0097,141960,/home/amos/server/media/movies/Pulp Fiction (1994)/Pulp Fiction (1994).mp4
468,544,1280,0,756,824,68,136,4624,0.0066,142170,/home/amos/server/media/movies/Pulp Fiction (1994)/Pulp Fiction (1994).mp4
469,544,1280,0,380,521,196,337,19881,0.0286,143010,/home/amos/server/media/movies/Pulp Fiction (1994)/Pulp Fiction (1994).mp4
470,544,1280,0,337,478,153,294,19881,0.0286,143220,/home/amos/server/media/movies/Pulp Fiction (1994)/Pulp Fiction (1994).mp4
471,544,1280,0,854,1024,74,244,28900,0.0415,143430,/home/amos/server/media/movies/Pulp Fiction (1994)/Pulp Fiction (1994).mp4
472,544,1280,0,362,480,127,245,13924,0.02,144480,/home/amos/server/media/movies/Pulp Fiction (1994)/Pulp Fiction (1994).mp4
473,544,1280,0,1148,1230,248,330,6724,0.0097,144690,/home/amos/server/media/movies/Pulp Fiction (1994)/Pulp Fiction (1994).mp4
474,544,1280,1,208,349,153,294,19881,0.0286,144690,/home/amos/server/media/movies/Pulp Fiction (1994)/Pulp Fiction (1994).mp4
475,544,1280,0,767,908,52,194,20022,0.0288,144900,/home/amos/server/media/movies/Pulp Fiction (1994)/Pulp Fiction (1994).mp4
476,544,1280,0,781,922,52,194,20022,0.0288,145110,/home/amos/server/media/movies/Pulp Fiction (1994)/Pulp Fiction (1994).mp4
477,544,1280,0,781,922,52,194,20022,0.0288,145530,/home/amos/server/media/movies/Pulp Fiction (1994)/Pulp Fiction (1994).mp4
478,544,1280,0,781,922,52,194,20022,0.0288,145740,/home/amos/server/media/movies/Pulp Fiction (1994)/Pulp Fiction (1994).mp4
479,544,1280,0,303,421,67,185,13924,0.02,145950,/home/amos/server/media/movies/Pulp Fiction (1994)/Pulp Fiction (1994).mp4
480,544,1280,0,374,492,67,185,13924,0.02,146160,/home/amos/server/media/movies/Pulp Fiction (1994)/Pulp Fiction (1994).mp4
481,544,1280,0,217,387,74,244,28900,0.0415,148680,/home/amos/server/media/movies/Pulp Fiction (1994)/Pulp Fiction (1994).mp4
482,544,1280,0,342,586,91,336,59780,0.0859,148890,/home/amos/server/media/movies/Pulp Fiction (1994)/Pulp Fiction (1994).mp4
483,544,1280,0,585,684,119,217,9702,0.0139,149100,/home/amos/server/media/movies/Pulp Fiction (1994)/Pulp Fiction (1994).mp4
484,544,1280,0,494,636,81,222,20022,0.0288,149730,/home/amos/server/media/movies/Pulp Fiction (1994)/Pulp Fiction (1994).mp4
485,544,1280,0,792,910,79,197,13924,0.02,149940,/home/amos/server/media/movies/Pulp Fiction (1994)/Pulp Fiction (1994).mp4
486,544,1280,0,446,544,79,178,9702,0.0139,150150,/home/amos/server/media/movies/Pulp Fiction (1994)/Pulp Fiction (1994).mp4
487,544,1280,0,508,565,135,191,3192,0.0046,150360,/home/amos/server/media/movies/Pulp Fiction (1994)/Pulp Fiction (1994).mp4
488,544,1280,0,613,731,55,173,13924,0.02,151830,/home/amos/server/media/movies/Pulp Fiction (1994)/Pulp Fiction (1994).mp4
489,544,1280,0,695,836,95,237,20022,0.0288,152040,/home/amos/server/media/movies/Pulp Fiction (1994)/Pulp Fiction (1994).mp4
490,544,1280,0,808,890,132,214,6724,0.0097,152250,/home/amos/server/media/movies/Pulp Fiction (1994)/Pulp Fiction (1994).mp4
491,544,1280,0,260,342,107,189,6724,0.0097,152460,/home/amos/server/media/movies/Pulp Fiction (1994)/Pulp Fiction (1994).mp4
492,544,1280,0,517,599,91,173,6724,0.0097,152670,/home/amos/server/media/movies/Pulp Fiction (1994)/Pulp Fiction (1994).mp4
493,544,1280,0,406,504,69,168,9702,0.0139,152880,/home/amos/server/media/movies/Pulp Fiction (1994)/Pulp Fiction (1994).mp4
494,544,1280,0,635,733,50,148,9604,0.0138,153300,/home/amos/server/media/movies/Pulp Fiction (1994)/Pulp Fiction (1994).mp4
495,544,1280,1,341,409,220,288,4624,0.0066,153300,/home/amos/server/media/movies/Pulp Fiction (1994)/Pulp Fiction (1994).mp4
496,544,1280,0,334,402,220,288,4624,0.0066,153510,/home/amos/server/media/movies/Pulp Fiction (1994)/Pulp Fiction (1994).mp4
497,544,1280,1,650,732,49,131,6724,0.0097,153510,/home/amos/server/media/movies/Pulp Fiction (1994)/Pulp Fiction (1994).mp4
498,544,1280,0,635,733,40,138,9604,0.0138,153720,/home/amos/server/media/movies/Pulp Fiction (1994)/Pulp Fiction (1994).mp4
499,544,1280,1,327,395,213,281,4624,0.0066,153720,/home/amos/server/media/movies/Pulp Fiction (1994)/Pulp Fiction (1994).mp4
500,544,1280,0,334,402,213,281,4624,0.0066,153930,/home/amos/server/media/movies/Pulp Fiction (1994)/Pulp Fiction (1994).mp4
501,544,1280,1,625,723,50,148,9604,0.0138,153930,/home/amos/server/media/movies/Pulp Fiction (1994)/Pulp Fiction (1994).mp4
502,544,1280,0,327,395,213,281,4624,0.0066,154140,/home/amos/server/media/movies/Pulp Fiction (1994)/Pulp Fiction (1994).mp4
503,544,1280,1,615,713,40,138,9604,0.0138,154140,/home/amos/server/media/movies/Pulp Fiction (1994)/Pulp Fiction (1994).mp4
504,544,1280,0,313,382,220,288,4692,0.0067,154560,/home/amos/server/media/movies/Pulp Fiction (1994)/Pulp Fiction (1994).mp4
505,544,1280,1,625,723,40,138,9604,0.0138,154560,/home/amos/server/media/movies/Pulp Fiction (1994)/Pulp Fiction (1994).mp4
506,544,1280,0,313,382,220,288,4692,0.0067,154770,/home/amos/server/media/movies/Pulp Fiction (1994)/Pulp Fiction (1994).mp4
507,544,1280,0,320,389,220,288,4692,0.0067,154980,/home/amos/server/media/movies/Pulp Fiction (1994)/Pulp Fiction (1994).mp4
508,544,1280,1,605,703,30,128,9604,0.0138,154980,/home/amos/server/media/movies/Pulp Fiction (1994)/Pulp Fiction (1994).mp4
509,544,1280,0,313,382,220,288,4692,0.0067,155190,/home/amos/server/media/movies/Pulp Fiction (1994)/Pulp Fiction (1994).mp4
510,544,1280,1,617,699,33,115,6724,0.0097,155190,/home/amos/server/media/movies/Pulp Fiction (1994)/Pulp Fiction (1994).mp4
511,544,1280,0,605,703,30,128,9604,0.0138,155400,/home/amos/server/media/movies/Pulp Fiction (1994)/Pulp Fiction (1994).mp4
512,544,1280,1,320,389,220,288,4692,0.0067,155400,/home/amos/server/media/movies/Pulp Fiction (1994)/Pulp Fiction (1994).mp4
513,544,1280,0,313,382,220,288,4692,0.0067,155610,/home/amos/server/media/movies/Pulp Fiction (1994)/Pulp Fiction (1994).mp4
514,544,1280,1,595,693,30,128,9604,0.0138,155610,/home/amos/server/media/movies/Pulp Fiction (1994)/Pulp Fiction (1994).mp4
515,544,1280,0,320,389,227,295,4692,0.0067,155820,/home/amos/server/media/movies/Pulp Fiction (1994)/Pulp Fiction (1994).mp4
516,544,1280,0,595,693,30,128,9604,0.0138,156030,/home/amos/server/media/movies/Pulp Fiction (1994)/Pulp Fiction (1994).mp4
517,544,1280,1,313,382,227,295,4692,0.0067,156030,/home/amos/server/media/movies/Pulp Fiction (1994)/Pulp Fiction (1994).mp4
518,544,1280,0,605,703,30,128,9604,0.0138,156240,/home/amos/server/media/movies/Pulp Fiction (1994)/Pulp Fiction (1994).mp4
519,544,1280,1,313,382,227,295,4692,0.0067,156240,/home/amos/server/media/movies/Pulp Fiction (1994)/Pulp Fiction (1994).mp4
520,544,1280,0,605,703,30,128,9604,0.0138,156450,/home/amos/server/media/movies/Pulp Fiction (1994)/Pulp Fiction (1994).mp4
521,544,1280,1,320,389,227,295,4692,0.0067,156450,/home/amos/server/media/movies/Pulp Fiction (1994)/Pulp Fiction (1994).mp4
522,544,1280,0,605,644,49,89,1560,0.0022,157290,/home/amos/server/media/movies/Pulp Fiction (1994)/Pulp Fiction (1994).mp4
523,544,1280,0,349,388,245,285,1560,0.0022,158550,/home/amos/server/media/movies/Pulp Fiction (1994)/Pulp Fiction (1994).mp4
524,544,1280,0,773,830,48,105,3249,0.0047,158760,/home/amos/server/media/movies/Pulp Fiction (1994)/Pulp Fiction (1994).mp4
525,544,1280,0,623,765,81,222,20022,0.0288,158970,/home/amos/server/media/movies/Pulp Fiction (1994)/Pulp Fiction (1994).mp4
526,544,1280,0,548,596,206,254,2304,0.0033,159180,/home/amos/server/media/movies/Pulp Fiction (1994)/Pulp Fiction (1994).mp4
527,544,1280,0,582,629,206,254,2256,0.0032,159390,/home/amos/server/media/movies/Pulp Fiction (1994)/Pulp Fiction (1994).mp4
528,544,1280,0,549,606,192,249,3249,0.0047,159600,/home/amos/server/media/movies/Pulp Fiction (1994)/Pulp Fiction (1994).mp4
529,544,1280,0,566,623,215,272,3249,0.0047,159810,/home/amos/server/media/movies/Pulp Fiction (1994)/Pulp Fiction (1994).mp4
530,544,1280,0,452,500,206,254,2304,0.0033,160020,/home/amos/server/media/movies/Pulp Fiction (1994)/Pulp Fiction (1994).mp4
531,544,1280,0,244,326,157,239,6724,0.0097,160230,/home/amos/server/media/movies/Pulp Fiction (1994)/Pulp Fiction (1994).mp4
532,544,1280,1,517,599,99,181,6724,0.0097,160230,/home/amos/server/media/movies/Pulp Fiction (1994)/Pulp Fiction (1994).mp4
533,544,1280,2,0,86,438,536,8428,0.0121,160230,/home/amos/server/media/movies/Pulp Fiction (1994)/Pulp Fiction (1994).mp4
534,544,1280,0,614,859,91,336,60025,0.0862,160860,/home/amos/server/media/movies/Pulp Fiction (1994)/Pulp Fiction (1994).mp4
535,544,1280,0,609,750,81,222,19881,0.0286,161070,/home/amos/server/media/movies/Pulp Fiction (1994)/Pulp Fiction (1994).mp4
536,544,1280,0,366,611,166,410,59780,0.0859,161490,/home/amos/server/media/movies/Pulp Fiction (1994)/Pulp Fiction (1994).mp4
537,544,1280,0,366,611,166,410,59780,0.0859,161700,/home/amos/server/media/movies/Pulp Fiction (1994)/Pulp Fiction (1994).mp4
538,544,1280,0,529,576,316,364,2256,0.0032,162120,/home/amos/server/media/movies/Pulp Fiction (1994)/Pulp Fiction (1994).mp4
539,544,1280,1,169,226,209,266,3249,0.0047,162120,/home/amos/server/media/movies/Pulp Fiction (1994)/Pulp Fiction (1994).mp4
540,544,1280,0,255,373,43,161,13924,0.02,162330,/home/amos/server/media/movies/Pulp Fiction (1994)/Pulp Fiction (1994).mp4
541,544,1280,0,462,814,48,400,123904,0.1779,162540,/home/amos/server/media/movies/Pulp Fiction (1994)/Pulp Fiction (1994).mp4
542,544,1280,0,768,886,103,221,13924,0.02,163170,/home/amos/server/media/movies/Pulp Fiction (1994)/Pulp Fiction (1994).mp4
543,544,1280,1,422,540,103,221,13924,0.02,163170,/home/amos/server/media/movies/Pulp Fiction (1994)/Pulp Fiction (1994).mp4
544,544,1280,0,792,910,103,221,13924,0.02,163380,/home/amos/server/media/movies/Pulp Fiction (1994)/Pulp Fiction (1994).mp4
545,544,1280,1,365,507,138,280,20164,0.029,163380,/home/amos/server/media/movies/Pulp Fiction (1994)/Pulp Fiction (1994).mp4
546,544,1280,0,924,1042,199,317,13924,0.02,163590,/home/amos/server/media/movies/Pulp Fiction (1994)/Pulp Fiction (1994).mp4
547,544,1280,1,480,621,110,251,19881,0.0286,163590,/home/amos/server/media/movies/Pulp Fiction (1994)/Pulp Fiction (1994).mp4
548,544,1280,0,637,755,115,233,13924,0.02,163800,/home/amos/server/media/movies/Pulp Fiction (1994)/Pulp Fiction (1994).mp4
549,544,1280,0,441,611,125,295,28900,0.0415,164220,/home/amos/server/media/movies/Pulp Fiction (1994)/Pulp Fiction (1994).mp4
550,544,1280,0,1055,1173,258,376,13924,0.02,164430,/home/amos/server/media/movies/Pulp Fiction (1994)/Pulp Fiction (1994).mp4
551,544,1280,1,200,370,57,226,28730,0.0413,164430,/home/amos/server/media/movies/Pulp Fiction (1994)/Pulp Fiction (1994).mp4
552,544,1280,0,664,867,117,321,41412,0.0595,164850,/home/amos/server/media/movies/Pulp Fiction (1994)/Pulp Fiction (1994).mp4
553,544,1280,0,389,559,125,295,28900,0.0415,165060,/home/amos/server/media/movies/Pulp Fiction (1994)/Pulp Fiction (1994).mp4
554,544,1280,0,684,888,117,321,41616,0.0598,165270,/home/amos/server/media/movies/Pulp Fiction (1994)/Pulp Fiction (1994).mp4
555,544,1280,0,533,885,119,471,123904,0.1779,165690,/home/amos/server/media/movies/Pulp Fiction (1994)/Pulp Fiction (1994).mp4
556,544,1280,0,497,849,119,471,123904,0.1779,166110,/home/amos/server/media/movies/Pulp Fiction (1994)/Pulp Fiction (1994).mp4
557,544,1280,0,497,849,83,435,123904,0.1779,166320,/home/amos/server/media/movies/Pulp Fiction (1994)/Pulp Fiction (1994).mp4
558,544,1280,0,390,742,83,435,123904,0.1779,166530,/home/amos/server/media/movies/Pulp Fiction (1994)/Pulp Fiction (1994).mp4
559,544,1280,0,497,849,119,471,123904,0.1779,166740,/home/amos/server/media/movies/Pulp Fiction (1994)/Pulp Fiction (1994).mp4
560,544,1280,0,333,537,55,259,41616,0.0598,166950,/home/amos/server/media/movies/Pulp Fiction (1994)/Pulp Fiction (1994).mp4
561,544,1280,0,527,697,74,244,28900,0.0415,167790,/home/amos/server/media/movies/Pulp Fiction (1994)/Pulp Fiction (1994).mp4
562,544,1280,0,527,697,74,244,28900,0.0415,168000,/home/amos/server/media/movies/Pulp Fiction (1994)/Pulp Fiction (1994).mp4
563,544,1280,0,399,456,221,278,3249,0.0047,168840,/home/amos/server/media/movies/Pulp Fiction (1994)/Pulp Fiction (1994).mp4
564,544,1280,0,352,433,91,173,6642,0.0095,169050,/home/amos/server/media/movies/Pulp Fiction (1994)/Pulp Fiction (1994).mp4
565,544,1280,0,695,793,69,168,9702,0.0139,169890,/home/amos/server/media/movies/Pulp Fiction (1994)/Pulp Fiction (1994).mp4
566,544,1280,0,665,763,69,168,9702,0.0139,170100,/home/amos/server/media/movies/Pulp Fiction (1994)/Pulp Fiction (1994).mp4
567,544,1280,0,376,475,79,178,9801,0.0141,170310,/home/amos/server/media/movies/Pulp Fiction (1994)/Pulp Fiction (1994).mp4
568,544,1280,0,916,997,58,140,6642,0.0095,170520,/home/amos/server/media/movies/Pulp Fiction (1994)/Pulp Fiction (1994).mp4
569,544,1280,0,494,612,67,185,13924,0.02,170730,/home/amos/server/media/movies/Pulp Fiction (1994)/Pulp Fiction (1994).mp4
570,544,1280,0,456,554,89,188,9702,0.0139,170940,/home/amos/server/media/movies/Pulp Fiction (1994)/Pulp Fiction (1994).mp4
571,544,1280,1,954,1052,79,178,9702,0.0139,170940,/home/amos/server/media/movies/Pulp Fiction (1994)/Pulp Fiction (1994).mp4
572,544,1280,0,476,574,129,227,9604,0.0138,171360,/home/amos/server/media/movies/Pulp Fiction (1994)/Pulp Fiction (1994).mp4
573,544,1280,0,496,594,79,178,9702,0.0139,171570,/home/amos/server/media/movies/Pulp Fiction (1994)/Pulp Fiction (1994).mp4
574,544,1280,0,506,604,50,148,9604,0.0138,171780,/home/amos/server/media/movies/Pulp Fiction (1994)/Pulp Fiction (1994).mp4
575,544,1280,0,446,544,59,158,9702,0.0139,171990,/home/amos/server/media/movies/Pulp Fiction (1994)/Pulp Fiction (1994).mp4
576,544,1280,1,993,1092,59,158,9801,0.0141,171990,/home/amos/server/media/movies/Pulp Fiction (1994)/Pulp Fiction (1994).mp4
577,544,1280,0,410,528,55,173,13924,0.02,172200,/home/amos/server/media/movies/Pulp Fiction (1994)/Pulp Fiction (1994).mp4
578,544,1280,1,1003,1102,59,158,9801,0.0141,172200,/home/amos/server/media/movies/Pulp Fiction (1994)/Pulp Fiction (1994).mp4
579,544,1280,0,506,604,69,168,9702,0.0139,172410,/home/amos/server/media/movies/Pulp Fiction (1994)/Pulp Fiction (1994).mp4
580,544,1280,0,494,612,55,173,13924,0.02,172620,/home/amos/server/media/movies/Pulp Fiction (1994)/Pulp Fiction (1994).mp4
581,544,1280,0,434,552,67,185,13924,0.02,172830,/home/amos/server/media/movies/Pulp Fiction (1994)/Pulp Fiction (1994).mp4
582,544,1280,1,993,1092,79,178,9801,0.0141,172830,/home/amos/server/media/movies/Pulp Fiction (1994)/Pulp Fiction (1994).mp4
583,544,1280,0,526,624,40,138,9604,0.0138,173040,/home/amos/server/media/movies/Pulp Fiction (1994)/Pulp Fiction (1994).mp4
584,544,1280,0,510,680,57,226,28730,0.0413,173250,/home/amos/server/media/movies/Pulp Fiction (1994)/Pulp Fiction (1994).mp4
585,544,1280,0,694,762,54,122,4624,0.0066,174090,/home/amos/server/media/movies/Pulp Fiction (1994)/Pulp Fiction (1994).mp4
586,544,1280,1,585,684,278,377,9801,0.0141,174090,/home/amos/server/media/movies/Pulp Fiction (1994)/Pulp Fiction (1994).mp4
587,544,1280,0,100,217,91,209,13806,0.0198,174510,/home/amos/server/media/movies/Pulp Fiction (1994)/Pulp Fiction (1994).mp4
588,544,1280,1,916,997,174,256,6642,0.0095,174510,/home/amos/server/media/movies/Pulp Fiction (1994)/Pulp Fiction (1994).mp4
589,544,1280,0,111,229,103,221,13924,0.02,174720,/home/amos/server/media/movies/Pulp Fiction (1994)/Pulp Fiction (1994).mp4
590,544,1280,1,914,1012,159,257,9604,0.0138,174720,/home/amos/server/media/movies/Pulp Fiction (1994)/Pulp Fiction (1994).mp4
591,544,1280,0,332,626,121,415,86436,0.1241,176190,/home/amos/server/media/movies/Pulp Fiction (1994)/Pulp Fiction (1994).mp4
592,544,1280,0,342,586,116,361,59780,0.0859,176400,/home/amos/server/media/movies/Pulp Fiction (1994)/Pulp Fiction (1994).mp4
593,544,1280,0,776,845,116,184,4692,0.0067,176610,/home/amos/server/media/movies/Pulp Fiction (1994)/Pulp Fiction (1994).mp4
594,544,1280,1,956,1024,109,177,4624,0.0066,176610,/home/amos/server/media/movies/Pulp Fiction (1994)/Pulp Fiction (1994).mp4
595,544,1280,2,166,336,39,209,28900,0.0415,176610,/home/amos/server/media/movies/Pulp Fiction (1994)/Pulp Fiction (1994).mp4
596,544,1280,0,269,439,39,209,28900,0.0415,176820,/home/amos/server/media/movies/Pulp Fiction (1994)/Pulp Fiction (1994).mp4
597,544,1280,1,866,935,116,184,4692,0.0067,176820,/home/amos/server/media/movies/Pulp Fiction (1994)/Pulp Fiction (1994).mp4
598,544,1280,0,750,920,57,226,28730,0.0413,177030,/home/amos/server/media/movies/Pulp Fiction (1994)/Pulp Fiction (1994).mp4
599,544,1280,1,445,502,100,157,3249,0.0047,177030,/home/amos/server/media/movies/Pulp Fiction (1994)/Pulp Fiction (1994).mp4
600,544,1280,0,924,1042,55,173,13924,0.02,177450,/home/amos/server/media/movies/Pulp Fiction (1994)/Pulp Fiction (1994).mp4
601,544,1280,1,652,709,181,238,3249,0.0047,177450,/home/amos/server/media/movies/Pulp Fiction (1994)/Pulp Fiction (1994).mp4
602,544,1280,2,348,416,227,295,4624,0.0066,177450,/home/amos/server/media/movies/Pulp Fiction (1994)/Pulp Fiction (1994).mp4
603,544,1280,3,486,584,239,337,9604,0.0138,177450,/home/amos/server/media/movies/Pulp Fiction (1994)/Pulp Fiction (1994).mp4
604,544,1280,0,330,387,192,249,3249,0.0047,177660,/home/amos/server/media/movies/Pulp Fiction (1994)/Pulp Fiction (1994).mp4
605,544,1280,1,434,552,211,328,13806,0.0198,177660,/home/amos/server/media/movies/Pulp Fiction (1994)/Pulp Fiction (1994).mp4
606,544,1280,0,279,347,164,233,4692,0.0067,177870,/home/amos/server/media/movies/Pulp Fiction (1994)/Pulp Fiction (1994).mp4
607,544,1280,0,693,750,106,163,3249,0.0047,178080,/home/amos/server/media/movies/Pulp Fiction (1994)/Pulp Fiction (1994).mp4
608,544,1280,1,265,333,157,226,4692,0.0067,178080,/home/amos/server/media/movies/Pulp Fiction (1994)/Pulp Fiction (1994).mp4
609,544,1280,0,687,755,95,164,4692,0.0067,178290,/home/amos/server/media/movies/Pulp Fiction (1994)/Pulp Fiction (1994).mp4
610,544,1280,1,307,364,181,238,3249,0.0047,178290,/home/amos/server/media/movies/Pulp Fiction (1994)/Pulp Fiction (1994).mp4
611,544,1280,0,165,204,85,125,1560,0.0022,178500,/home/amos/server/media/movies/Pulp Fiction (1994)/Pulp Fiction (1994).mp4
612,544,1280,1,436,534,119,217,9604,0.0138,178500,/home/amos/server/media/movies/Pulp Fiction (1994)/Pulp Fiction (1994).mp4
613,544,1280,0,141,180,85,125,1560,0.0022,178710,/home/amos/server/media/movies/Pulp Fiction (1994)/Pulp Fiction (1994).mp4
614,544,1280,0,484,566,116,198,6724,0.0097,178920,/home/amos/server/media/movies/Pulp Fiction (1994)/Pulp Fiction (1994).mp4
615,544,1280,0,97,136,97,137,1560,0.0022,179130,/home/amos/server/media/movies/Pulp Fiction (1994)/Pulp Fiction (1994).mp4
616,544,1280,0,506,624,43,161,13924,0.02,179340,/home/amos/server/media/movies/Pulp Fiction (1994)/Pulp Fiction (1994).mp4
617,544,1280,1,952,1009,112,168,3192,0.0046,179340,/home/amos/server/media/movies/Pulp Fiction (1994)/Pulp Fiction (1994).mp4
618,544,1280,0,277,359,82,164,6724,0.0097,179550,/home/amos/server/media/movies/Pulp Fiction (1994)/Pulp Fiction (1994).mp4
619,544,1280,1,631,700,109,177,4692,0.0067,179550,/home/amos/server/media/movies/Pulp Fiction (1994)/Pulp Fiction (1994).mp4
620,544,1280,0,836,1006,74,244,28900,0.0415,179760,/home/amos/server/media/movies/Pulp Fiction (1994)/Pulp Fiction (1994).mp4
621,544,1280,0,203,271,109,177,4624,0.0066,179970,/home/amos/server/media/movies/Pulp Fiction (1994)/Pulp Fiction (1994).mp4
622,544,1280,1,638,706,116,184,4624,0.0066,179970,/home/amos/server/media/movies/Pulp Fiction (1994)/Pulp Fiction (1994).mp4
623,544,1280,0,625,743,79,197,13924,0.02,180180,/home/amos/server/media/movies/Pulp Fiction (1994)/Pulp Fiction (1994).mp4
624,544,1280,1,1033,1090,117,174,3249,0.0047,180180,/home/amos/server/media/movies/Pulp Fiction (1994)/Pulp Fiction (1994).mp4
625,544,1280,0,252,334,82,164,6724,0.0097,180390,/home/amos/server/media/movies/Pulp Fiction (1994)/Pulp Fiction (1994).mp4
626,544,1280,0,326,444,67,185,13924,0.02,180600,/home/amos/server/media/movies/Pulp Fiction (1994)/Pulp Fiction (1994).mp4
627,544,1280,0,252,334,82,164,6724,0.0097,180810,/home/amos/server/media/movies/Pulp Fiction (1994)/Pulp Fiction (1994).mp4
628,544,1280,0,291,409,103,221,13924,0.02,181020,/home/amos/server/media/movies/Pulp Fiction (1994)/Pulp Fiction (1994).mp4
629,544,1280,0,326,425,69,168,9801,0.0141,181230,/home/amos/server/media/movies/Pulp Fiction (1994)/Pulp Fiction (1994).mp4
630,544,1280,1,557,596,117,157,1560,0.0022,181230,/home/amos/server/media/movies/Pulp Fiction (1994)/Pulp Fiction (1994).mp4
631,544,1280,0,237,335,69,168,9702,0.0139,181440,/home/amos/server/media/movies/Pulp Fiction (1994)/Pulp Fiction (1994).mp4
632,544,1280,1,695,793,69,168,9702,0.0139,181440,/home/amos/server/media/movies/Pulp Fiction (1994)/Pulp Fiction (1994).mp4
633,544,1280,0,761,800,149,189,1560,0.0022,183120,/home/amos/server/media/movies/Pulp Fiction (1994)/Pulp Fiction (1994).mp4
634,544,1280,0,757,796,161,201,1560,0.0022,183330,/home/amos/server/media/movies/Pulp Fiction (1994)/Pulp Fiction (1994).mp4
635,544,1280,0,864,982,79,197,13924,0.02,183540,/home/amos/server/media/movies/Pulp Fiction (1994)/Pulp Fiction (1994).mp4
636,544,1280,1,208,349,124,265,19881,0.0286,183540,/home/amos/server/media/movies/Pulp Fiction (1994)/Pulp Fiction (1994).mp4
637,544,1280,0,864,982,103,221,13924,0.02,183750,/home/amos/server/media/movies/Pulp Fiction (1994)/Pulp Fiction (1994).mp4
638,544,1280,1,279,421,167,308,20022,0.0288,183750,/home/amos/server/media/movies/Pulp Fiction (1994)/Pulp Fiction (1994).mp4
639,544,1280,0,864,982,91,209,13924,0.02,183960,/home/amos/server/media/movies/Pulp Fiction (1994)/Pulp Fiction (1994).mp4
640,544,1280,0,307,405,209,307,9604,0.0138,184170,/home/amos/server/media/movies/Pulp Fiction (1994)/Pulp Fiction (1994).mp4
641,544,1280,0,255,373,139,257,13924,0.02,184380,/home/amos/server/media/movies/Pulp Fiction (1994)/Pulp Fiction (1994).mp4
642,544,1280,0,243,361,151,269,13924,0.02,184590,/home/amos/server/media/movies/Pulp Fiction (1994)/Pulp Fiction (1994).mp4
643,544,1280,0,207,325,175,293,13924,0.02,184800,/home/amos/server/media/movies/Pulp Fiction (1994)/Pulp Fiction (1994).mp4
644,544,1280,0,794,893,159,257,9702,0.0139,185010,/home/amos/server/media/movies/Pulp Fiction (1994)/Pulp Fiction (1994).mp4
645,544,1280,0,804,903,159,257,9702,0.0139,185220,/home/amos/server/media/movies/Pulp Fiction (1994)/Pulp Fiction (1994).mp4
646,544,1280,0,565,604,69,109,1560,0.0022,185430,/home/amos/server/media/movies/Pulp Fiction (1994)/Pulp Fiction (1994).mp4
647,544,1280,0,638,706,206,274,4624,0.0066,185640,/home/amos/server/media/movies/Pulp Fiction (1994)/Pulp Fiction (1994).mp4
648,544,1280,0,581,620,73,113,1560,0.0022,185850,/home/amos/server/media/movies/Pulp Fiction (1994)/Pulp Fiction (1994).mp4
649,544,1280,1,330,387,65,122,3249,0.0047,185850,/home/amos/server/media/movies/Pulp Fiction (1994)/Pulp Fiction (1994).mp4
650,544,1280,0,303,421,67,185,13924,0.02,186060,/home/amos/server/media/movies/Pulp Fiction (1994)/Pulp Fiction (1994).mp4
651,544,1280,1,838,980,95,237,20164,0.029,186060,/home/amos/server/media/movies/Pulp Fiction (1994)/Pulp Fiction (1994).mp4
652,544,1280,0,326,425,50,148,9702,0.0139,186270,/home/amos/server/media/movies/Pulp Fiction (1994)/Pulp Fiction (1994).mp4
653,544,1280,0,939,1080,81,222,19881,0.0286,186480,/home/amos/server/media/movies/Pulp Fiction (1994)/Pulp Fiction (1994).mp4
654,544,1280,1,456,554,129,227,9604,0.0138,186480,/home/amos/server/media/movies/Pulp Fiction (1994)/Pulp Fiction (1994).mp4
655,544,1280,0,685,803,175,293,13924,0.02,186690,/home/amos/server/media/movies/Pulp Fiction (1994)/Pulp Fiction (1994).mp4
656,544,1280,1,336,435,69,168,9801,0.0141,186690,/home/amos/server/media/movies/Pulp Fiction (1994)/Pulp Fiction (1994).mp4
657,544,1280,0,615,713,169,267,9604,0.0138,186900,/home/amos/server/media/movies/Pulp Fiction (1994)/Pulp Fiction (1994).mp4
658,544,1280,1,231,349,55,173,13924,0.02,186900,/home/amos/server/media/movies/Pulp Fiction (1994)/Pulp Fiction (1994).mp4
659,544,1280,0,326,444,67,185,13924,0.02,187110,/home/amos/server/media/movies/Pulp Fiction (1994)/Pulp Fiction (1994).mp4
660,544,1280,1,697,815,139,257,13924,0.02,187110,/home/amos/server/media/movies/Pulp Fiction (1994)/Pulp Fiction (1994).mp4
661,544,1280,0,635,733,169,267,9604,0.0138,187320,/home/amos/server/media/movies/Pulp Fiction (1994)/Pulp Fiction (1994).mp4
662,544,1280,1,255,373,79,197,13924,0.02,187320,/home/amos/server/media/movies/Pulp Fiction (1994)/Pulp Fiction (1994).mp4
663,544,1280,0,615,713,199,297,9604,0.0138,187530,/home/amos/server/media/movies/Pulp Fiction (1994)/Pulp Fiction (1994).mp4
664,544,1280,0,834,932,109,208,9702,0.0139,187950,/home/amos/server/media/movies/Pulp Fiction (1994)/Pulp Fiction (1994).mp4
665,544,1280,0,756,874,127,245,13924,0.02,188160,/home/amos/server/media/movies/Pulp Fiction (1994)/Pulp Fiction (1994).mp4
666,544,1280,1,426,524,69,168,9702,0.0139,188160,/home/amos/server/media/movies/Pulp Fiction (1994)/Pulp Fiction (1994).mp4
667,544,1280,0,756,874,127,245,13924,0.02,188370,/home/amos/server/media/movies/Pulp Fiction (1994)/Pulp Fiction (1994).mp4
668,544,1280,1,436,534,89,188,9702,0.0139,188370,/home/amos/server/media/movies/Pulp Fiction (1994)/Pulp Fiction (1994).mp4
669,544,1280,0,625,723,149,247,9604,0.0138,188580,/home/amos/server/media/movies/Pulp Fiction (1994)/Pulp Fiction (1994).mp4
670,544,1280,0,652,793,138,280,20022,0.0288,188790,/home/amos/server/media/movies/Pulp Fiction (1994)/Pulp Fiction (1994).mp4
671,544,1280,0,838,980,95,237,20164,0.029,189000,/home/amos/server/media/movies/Pulp Fiction (1994)/Pulp Fiction (1994).mp4
672,544,1280,0,685,803,139,257,13924,0.02,189210,/home/amos/server/media/movies/Pulp Fiction (1994)/Pulp Fiction (1994).mp4
673,544,1280,0,666,808,138,280,20164,0.029,189420,/home/amos/server/media/movies/Pulp Fiction (1994)/Pulp Fiction (1994).mp4
674,544,1280,1,338,508,74,244,28900,0.0415,189420,/home/amos/server/media/movies/Pulp Fiction (1994)/Pulp Fiction (1994).mp4
675,544,1280,0,709,851,153,294,20022,0.0288,189630,/home/amos/server/media/movies/Pulp Fiction (1994)/Pulp Fiction (1994).mp4
676,544,1280,0,816,898,82,164,6724,0.0097,190050,/home/amos/server/media/movies/Pulp Fiction (1994)/Pulp Fiction (1994).mp4
677,544,1280,1,476,558,99,181,6724,0.0097,190050,/home/amos/server/media/movies/Pulp Fiction (1994)/Pulp Fiction (1994).mp4
678,544,1280,0,768,938,108,278,28900,0.0415,190260,/home/amos/server/media/movies/Pulp Fiction (1994)/Pulp Fiction (1994).mp4
679,544,1280,1,437,578,153,294,19881,0.0286,190260,/home/amos/server/media/movies/Pulp Fiction (1994)/Pulp Fiction (1994).mp4
680,544,1280,0,819,989,74,244,28900,0.0415,190470,/home/amos/server/media/movies/Pulp Fiction (1994)/Pulp Fiction (1994).mp4
681,544,1280,1,434,552,187,305,13924,0.02,190470,/home/amos/server/media/movies/Pulp Fiction (1994)/Pulp Fiction (1994).mp4
682,544,1280,0,243,361,103,221,13924,0.02,190680,/home/amos/server/media/movies/Pulp Fiction (1994)/Pulp Fiction (1994).mp4
683,544,1280,1,799,881,124,206,6724,0.0097,190680,/home/amos/server/media/movies/Pulp Fiction (1994)/Pulp Fiction (1994).mp4
684,544,1280,2,864,982,79,197,13924,0.02,190680,/home/amos/server/media/movies/Pulp Fiction (1994)/Pulp Fiction (1994).mp4
685,544,1280,0,858,939,132,214,6642,0.0095,190890,/home/amos/server/media/movies/Pulp Fiction (1994)/Pulp Fiction (1994).mp4
686,544,1280,1,366,465,89,188,9801,0.0141,190890,/home/amos/server/media/movies/Pulp Fiction (1994)/Pulp Fiction (1994).mp4
687,544,1280,2,900,1018,79,197,13924,0.02,190890,/home/amos/server/media/movies/Pulp Fiction (1994)/Pulp Fiction (1994).mp4
688,544,1280,3,219,337,91,209,13924,0.02,190890,/home/amos/server/media/movies/Pulp Fiction (1994)/Pulp Fiction (1994).mp4
689,544,1280,0,231,349,79,197,13924,0.02,191100,/home/amos/server/media/movies/Pulp Fiction (1994)/Pulp Fiction (1994).mp4
690,544,1280,1,356,455,79,178,9801,0.0141,191100,/home/amos/server/media/movies/Pulp Fiction (1994)/Pulp Fiction (1994).mp4
691,544,1280,0,375,423,125,172,2256,0.0032,191310,/home/amos/server/media/movies/Pulp Fiction (1994)/Pulp Fiction (1994).mp4
692,544,1280,1,933,972,129,169,1560,0.0022,191310,/home/amos/server/media/movies/Pulp Fiction (1994)/Pulp Fiction (1994).mp4
693,544,1280,0,498,702,97,300,41412,0.0595,191730,/home/amos/server/media/movies/Pulp Fiction (1994)/Pulp Fiction (1994).mp4
694,544,1280,0,816,898,132,214,6724,0.0097,191940,/home/amos/server/media/movies/Pulp Fiction (1994)/Pulp Fiction (1994).mp4
695,544,1280,0,867,1008,95,237,20022,0.0288,192150,/home/amos/server/media/movies/Pulp Fiction (1994)/Pulp Fiction (1994).mp4
696,544,1280,0,881,1023,124,265,20022,0.0288,192360,/home/amos/server/media/movies/Pulp Fiction (1994)/Pulp Fiction (1994).mp4
697,544,1280,0,888,1006,103,221,13924,0.02,192570,/home/amos/server/media/movies/Pulp Fiction (1994)/Pulp Fiction (1994).mp4
698,544,1280,1,243,361,139,257,13924,0.02,192570,/home/amos/server/media/movies/Pulp Fiction (1994)/Pulp Fiction (1994).mp4
699,544,1280,0,888,1006,115,233,13924,0.02,192780,/home/amos/server/media/movies/Pulp Fiction (1994)/Pulp Fiction (1994).mp4
700,544,1280,1,265,406,110,251,19881,0.0286,192780,/home/amos/server/media/movies/Pulp Fiction (1994)/Pulp Fiction (1994).mp4
701,544,1280,0,222,363,95,237,20022,0.0288,192990,/home/amos/server/media/movies/Pulp Fiction (1994)/Pulp Fiction (1994).mp4
702,544,1280,1,888,1006,151,269,13924,0.02,192990,/home/amos/server/media/movies/Pulp Fiction (1994)/Pulp Fiction (1994).mp4
703,544,1280,0,888,1006,139,257,13924,0.02,193200,/home/amos/server/media/movies/Pulp Fiction (1994)/Pulp Fiction (1994).mp4
704,544,1280,1,219,337,91,209,13924,0.02,193200,/home/amos/server/media/movies/Pulp Fiction (1994)/Pulp Fiction (1994).mp4
705,544,1280,0,294,435,95,237,20022,0.0288,193410,/home/amos/server/media/movies/Pulp Fiction (1994)/Pulp Fiction (1994).mp4
706,544,1280,0,867,1008,95,237,20022,0.0288,193620,/home/amos/server/media/movies/Pulp Fiction (1994)/Pulp Fiction (1994).mp4
707,544,1280,0,688,933,141,385,59780,0.0859,194040,/home/amos/server/media/movies/Pulp Fiction (1994)/Pulp Fiction (1994).mp4
708,544,1280,0,292,537,17,262,60025,0.0862,194250,/home/amos/server/media/movies/Pulp Fiction (1994)/Pulp Fiction (1994).mp4
709,544,1280,0,342,586,67,311,59536,0.0855,194460,/home/amos/server/media/movies/Pulp Fiction (1994)/Pulp Fiction (1994).mp4
710,544,1280,0,342,586,91,336,59780,0.0859,194880,/home/amos/server/media/movies/Pulp Fiction (1994)/Pulp Fiction (1994).mp4
711,544,1280,0,589,834,141,385,59780,0.0859,195090,/home/amos/server/media/movies/Pulp Fiction (1994)/Pulp Fiction (1994).mp4
712,544,1280,0,570,864,91,385,86436,0.1241,195300,/home/amos/server/media/movies/Pulp Fiction (1994)/Pulp Fiction (1994).mp4
713,544,1280,0,600,893,121,415,86142,0.1237,195510,/home/amos/server/media/movies/Pulp Fiction (1994)/Pulp Fiction (1994).mp4
714,544,1280,0,676,1028,48,400,123904,0.1779,195720,/home/amos/server/media/movies/Pulp Fiction (1994)/Pulp Fiction (1994).mp4
715,544,1280,0,248,600,83,435,123904,0.1779,195930,/home/amos/server/media/movies/Pulp Fiction (1994)/Pulp Fiction (1994).mp4
716,544,1280,0,640,992,48,400,123904,0.1779,196140,/home/amos/server/media/movies/Pulp Fiction (1994)/Pulp Fiction (1994).mp4
717,544,1280,0,676,1028,48,400,123904,0.1779,196350,/home/amos/server/media/movies/Pulp Fiction (1994)/Pulp Fiction (1994).mp4
718,544,1280,0,319,671,48,400,123904,0.1779,196770,/home/amos/server/media/movies/Pulp Fiction (1994)/Pulp Fiction (1994).mp4
719,544,1280,0,510,680,91,261,28900,0.0415,197610,/home/amos/server/media/movies/Pulp Fiction (1994)/Pulp Fiction (1994).mp4
720,544,1280,0,665,763,149,247,9604,0.0138,197820,/home/amos/server/media/movies/Pulp Fiction (1994)/Pulp Fiction (1994).mp4
721,544,1280,0,825,893,123,191,4624,0.0066,198240,/home/amos/server/media/movies/Pulp Fiction (1994)/Pulp Fiction (1994).mp4
722,544,1280,0,959,1077,55,173,13924,0.02,199710,/home/amos/server/media/movies/Pulp Fiction (1994)/Pulp Fiction (1994).mp4
723,544,1280,0,934,1032,99,198,9702,0.0139,199920,/home/amos/server/media/movies/Pulp Fiction (1994)/Pulp Fiction (1994).mp4
724,544,1280,0,781,922,110,251,19881,0.0286,200340,/home/amos/server/media/movies/Pulp Fiction (1994)/Pulp Fiction (1994).mp4
725,544,1280,0,604,672,102,170,4624,0.0066,200760,/home/amos/server/media/movies/Pulp Fiction (1994)/Pulp Fiction (1994).mp4
726,544,1280,0,458,628,194,364,28900,0.0415,201180,/home/amos/server/media/movies/Pulp Fiction (1994)/Pulp Fiction (1994).mp4
727,544,1280,0,1102,1159,169,226,3249,0.0047,201390,/home/amos/server/media/movies/Pulp Fiction (1994)/Pulp Fiction (1994).mp4
728,544,1280,0,744,843,69,168,9801,0.0141,201810,/home/amos/server/media/movies/Pulp Fiction (1994)/Pulp Fiction (1994).mp4
729,544,1280,0,374,492,127,245,13924,0.02,202020,/home/amos/server/media/movies/Pulp Fiction (1994)/Pulp Fiction (1994).mp4
730,544,1280,0,292,537,116,361,60025,0.0862,202230,/home/amos/server/media/movies/Pulp Fiction (1994)/Pulp Fiction (1994).mp4
731,544,1280,0,286,456,91,261,28900,0.0415,202440,/home/amos/server/media/movies/Pulp Fiction (1994)/Pulp Fiction (1994).mp4
732,544,1280,0,553,671,91,209,13924,0.02,202650,/home/amos/server/media/movies/Pulp Fiction (1994)/Pulp Fiction (1994).mp4
733,544,1280,0,303,473,125,295,28900,0.0415,202860,/home/amos/server/media/movies/Pulp Fiction (1994)/Pulp Fiction (1994).mp4
734,544,1280,0,322,464,138,280,20164,0.029,203070,/home/amos/server/media/movies/Pulp Fiction (1994)/Pulp Fiction (1994).mp4
735,544,1280,0,308,449,110,251,19881,0.0286,203280,/home/amos/server/media/movies/Pulp Fiction (1994)/Pulp Fiction (1994).mp4
736,544,1280,0,566,707,81,222,19881,0.0286,203490,/home/amos/server/media/movies/Pulp Fiction (1994)/Pulp Fiction (1994).mp4
737,544,1280,0,552,693,81,222,19881,0.0286,203700,/home/amos/server/media/movies/Pulp Fiction (1994)/Pulp Fiction (1994).mp4
738,544,1280,0,552,693,81,222,19881,0.0286,203910,/home/amos/server/media/movies/Pulp Fiction (1994)/Pulp Fiction (1994).mp4
739,544,1280,0,366,611,91,336,60025,0.0862,204120,/home/amos/server/media/movies/Pulp Fiction (1994)/Pulp Fiction (1994).mp4
740,544,1280,0,551,633,74,156,6724,0.0097,204330,/home/amos/server/media/movies/Pulp Fiction (1994)/Pulp Fiction (1994).mp4
741,544,1280,0,566,707,124,265,19881,0.0286,204540,/home/amos/server/media/movies/Pulp Fiction (1994)/Pulp Fiction (1994).mp4
742,544,1280,0,386,484,179,277,9604,0.0138,204750,/home/amos/server/media/movies/Pulp Fiction (1994)/Pulp Fiction (1994).mp4
743,544,1280,0,613,731,103,221,13924,0.02,204960,/home/amos/server/media/movies/Pulp Fiction (1994)/Pulp Fiction (1994).mp4
744,544,1280,0,649,767,91,209,13924,0.02,205380,/home/amos/server/media/movies/Pulp Fiction (1994)/Pulp Fiction (1994).mp4
745,544,1280,0,725,823,79,178,9702,0.0139,205590,/home/amos/server/media/movies/Pulp Fiction (1994)/Pulp Fiction (1994).mp4
746,544,1280,0,376,475,259,357,9702,0.0139,205800,/home/amos/server/media/movies/Pulp Fiction (1994)/Pulp Fiction (1994).mp4
747,544,1280,0,376,475,259,357,9702,0.0139,206010,/home/amos/server/media/movies/Pulp Fiction (1994)/Pulp Fiction (1994).mp4
748,544,1280,0,376,475,259,357,9702,0.0139,206220,/home/amos/server/media/movies/Pulp Fiction (1994)/Pulp Fiction (1994).mp4
749,544,1280,0,396,494,259,357,9604,0.0138,206430,/home/amos/server/media/movies/Pulp Fiction (1994)/Pulp Fiction (1994).mp4
750,544,1280,0,649,767,55,173,13924,0.02,206640,/home/amos/server/media/movies/Pulp Fiction (1994)/Pulp Fiction (1994).mp4
751,544,1280,0,719,1012,91,385,86142,0.1237,206850,/home/amos/server/media/movies/Pulp Fiction (1994)/Pulp Fiction (1994).mp4
752,544,1280,0,243,487,91,336,59780,0.0859,207060,/home/amos/server/media/movies/Pulp Fiction (1994)/Pulp Fiction (1994).mp4
753,544,1280,0,719,1012,91,385,86142,0.1237,207270,/home/amos/server/media/movies/Pulp Fiction (1994)/Pulp Fiction (1994).mp4
754,544,1280,0,993,1092,59,158,9801,0.0141,207480,/home/amos/server/media/movies/Pulp Fiction (1994)/Pulp Fiction (1994).mp4
755,544,1280,1,171,289,103,221,13924,0.02,207480,/home/amos/server/media/movies/Pulp Fiction (1994)/Pulp Fiction (1994).mp4
756,544,1280,0,983,1101,55,173,13924,0.02,207690,/home/amos/server/media/movies/Pulp Fiction (1994)/Pulp Fiction (1994).mp4
757,544,1280,1,171,289,91,209,13924,0.02,207690,/home/amos/server/media/movies/Pulp Fiction (1994)/Pulp Fiction (1994).mp4
758,544,1280,0,959,1077,67,185,13924,0.02,207900,/home/amos/server/media/movies/Pulp Fiction (1994)/Pulp Fiction (1994).mp4
759,544,1280,1,171,289,103,221,13924,0.02,207900,/home/amos/server/media/movies/Pulp Fiction (1994)/Pulp Fiction (1994).mp4
760,544,1280,0,260,342,265,347,6724,0.0097,208320,/home/amos/server/media/movies/Pulp Fiction (1994)/Pulp Fiction (1994).mp4
761,544,1280,0,735,833,50,148,9604,0.0138,208530,/home/amos/server/media/movies/Pulp Fiction (1994)/Pulp Fiction (1994).mp4
762,544,1280,0,959,1077,79,197,13924,0.02,208740,/home/amos/server/media/movies/Pulp Fiction (1994)/Pulp Fiction (1994).mp4
763,544,1280,1,135,253,115,233,13924,0.02,208740,/home/amos/server/media/movies/Pulp Fiction (1994)/Pulp Fiction (1994).mp4
764,544,1280,0,948,1065,91,209,13806,0.0198,208950,/home/amos/server/media/movies/Pulp Fiction (1994)/Pulp Fiction (1994).mp4
765,544,1280,1,135,253,115,233,13924,0.02,208950,/home/amos/server/media/movies/Pulp Fiction (1994)/Pulp Fiction (1994).mp4
766,544,1280,0,948,1065,79,197,13806,0.0198,209160,/home/amos/server/media/movies/Pulp Fiction (1994)/Pulp Fiction (1994).mp4
767,544,1280,1,123,241,115,233,13924,0.02,209160,/home/amos/server/media/movies/Pulp Fiction (1994)/Pulp Fiction (1994).mp4
768,544,1280,0,436,534,159,257,9604,0.0138,209790,/home/amos/server/media/movies/Pulp Fiction (1994)/Pulp Fiction (1994).mp4
769,544,1280,0,768,886,187,305,13924,0.02,210000,/home/amos/server/media/movies/Pulp Fiction (1994)/Pulp Fiction (1994).mp4
770,544,1280,0,792,910,139,257,13924,0.02,210210,/home/amos/server/media/movies/Pulp Fiction (1994)/Pulp Fiction (1994).mp4
771,544,1280,0,374,492,163,281,13924,0.02,210420,/home/amos/server/media/movies/Pulp Fiction (1994)/Pulp Fiction (1994).mp4
772,544,1280,0,766,848,298,380,6724,0.0097,210630,/home/amos/server/media/movies/Pulp Fiction (1994)/Pulp Fiction (1994).mp4
773,544,1280,0,416,620,76,280,41616,0.0598,210840,/home/amos/server/media/movies/Pulp Fiction (1994)/Pulp Fiction (1994).mp4
774,544,1280,0,664,867,138,342,41412,0.0595,211050,/home/amos/server/media/movies/Pulp Fiction (1994)/Pulp Fiction (1994).mp4
775,544,1280,0,726,929,117,321,41412,0.0595,211260,/home/amos/server/media/movies/Pulp Fiction (1994)/Pulp Fiction (1994).mp4
776,544,1280,0,437,640,76,280,41412,0.0595,211470,/home/amos/server/media/movies/Pulp Fiction (1994)/Pulp Fiction (1994).mp4
777,544,1280,0,726,929,138,342,41412,0.0595,211680,/home/amos/server/media/movies/Pulp Fiction (1994)/Pulp Fiction (1994).mp4
778,544,1280,0,437,640,97,300,41209,0.0592,211890,/home/amos/server/media/movies/Pulp Fiction (1994)/Pulp Fiction (1994).mp4
779,544,1280,0,726,929,138,342,41412,0.0595,212100,/home/amos/server/media/movies/Pulp Fiction (1994)/Pulp Fiction (1994).mp4
780,544,1280,0,416,661,67,311,59780,0.0859,212310,/home/amos/server/media/movies/Pulp Fiction (1994)/Pulp Fiction (1994).mp4
781,544,1280,0,726,1148,0,384,162048,0.2327,212730,/home/amos/server/media/movies/Pulp Fiction (1994)/Pulp Fiction (1994).mp4
782,544,1280,0,783,1135,48,400,123904,0.1779,213150,/home/amos/server/media/movies/Pulp Fiction (1994)/Pulp Fiction (1994).mp4
783,544,1280,0,746,950,97,300,41412,0.0595,214200,/home/amos/server/media/movies/Pulp Fiction (1994)/Pulp Fiction (1994).mp4
784,544,1280,0,673,791,306,424,13924,0.02,214620,/home/amos/server/media/movies/Pulp Fiction (1994)/Pulp Fiction (1994).mp4
785,544,1280,0,717,798,124,206,6642,0.0095,215040,/home/amos/server/media/movies/Pulp Fiction (1994)/Pulp Fiction (1994).mp4
786,544,1280,0,763,831,75,143,4624,0.0066,215250,/home/amos/server/media/movies/Pulp Fiction (1994)/Pulp Fiction (1994).mp4
